#TradeId,ResultId,ResultType,ResultValue
4:AsianBasketOption,isdaAssetClass,string,Equity
4:AsianBasketOption,isdaBaseProduct,string,Other
4:AsianBasketOption,isdaSubProduct,string,
4:AsianBasketOption,isdaTransaction,string,
4:AsianBasketOption,BlackScholes.CalibrationStrike_EQ-RIC:.SPX,string,ATMF
4:AsianBasketOption,BlackScholes.CalibrationStrike_EQ-RIC:.STOXX50E,string,ATMF
4:AsianBasketOption,BlackScholes.Correlation_EQ-RIC:.STOXX50E_EQ-RIC:.SPX,double,0.542737
4:AsianBasketOption,BlackScholes.Forward_EQ-RIC:.SPX_2023-08-07,double,4518.443400
4:AsianBasketOption,BlackScholes.Forward_EQ-RIC:.SPX_2023-10-16,double,4558.167230
4:AsianBasketOption,BlackScholes.Forward_EQ-RIC:.SPX_2023-10-17,double,4558.766822
4:AsianBasketOption,BlackScholes.Forward_EQ-RIC:.SPX_2023-10-18,double,4559.367269
4:AsianBasketOption,BlackScholes.Forward_EQ-RIC:.SPX_2023-10-19,double,4559.972782
4:AsianBasketOption,BlackScholes.Forward_EQ-RIC:.SPX_2023-10-20,double,4560.579152
4:AsianBasketOption,BlackScholes.Forward_EQ-RIC:.SPX_2023-10-23,double,4562.201393
4:AsianBasketOption,BlackScholes.Forward_EQ-RIC:.SPX_2023-10-24,double,4562.740323
4:AsianBasketOption,BlackScholes.Forward_EQ-RIC:.SPX_2023-10-25,double,4563.278345
4:AsianBasketOption,BlackScholes.Forward_EQ-RIC:.SPX_2023-10-26,double,4563.815457
4:AsianBasketOption,BlackScholes.Forward_EQ-RIC:.SPX_2023-10-27,double,4564.351660
4:AsianBasketOption,BlackScholes.Forward_EQ-RIC:.SPX_2023-10-30,double,4565.954809
4:AsianBasketOption,BlackScholes.Forward_EQ-RIC:.SPX_2023-10-31,double,4566.487371
4:AsianBasketOption,BlackScholes.Forward_EQ-RIC:.SPX_2023-11-01,double,4567.004250
4:AsianBasketOption,BlackScholes.Forward_EQ-RIC:.SPX_2023-11-02,double,4567.519871
4:AsianBasketOption,BlackScholes.Forward_EQ-RIC:.SPX_2023-11-03,double,4568.034233
4:AsianBasketOption,BlackScholes.Forward_EQ-RIC:.SPX_2023-11-06,double,4569.569761
4:AsianBasketOption,BlackScholes.Forward_EQ-RIC:.SPX_2023-11-07,double,4570.079083
4:AsianBasketOption,BlackScholes.Forward_EQ-RIC:.SPX_2023-11-08,double,4570.587144
4:AsianBasketOption,BlackScholes.Forward_EQ-RIC:.SPX_2023-11-09,double,4571.093943
4:AsianBasketOption,BlackScholes.Forward_EQ-RIC:.SPX_2023-11-13,double,4573.108518
4:AsianBasketOption,BlackScholes.Forward_EQ-RIC:.SPX_2023-11-14,double,4573.609004
4:AsianBasketOption,BlackScholes.Forward_EQ-RIC:.SPX_2023-11-15,double,4574.108226
4:AsianBasketOption,BlackScholes.Forward_EQ-RIC:.SPX_2023-11-16,double,4574.611890
4:AsianBasketOption,BlackScholes.Forward_EQ-RIC:.SPX_2023-11-17,double,4575.114290
4:AsianBasketOption,BlackScholes.Forward_EQ-RIC:.SPX_2023-11-20,double,4576.728673
4:AsianBasketOption,BlackScholes.Forward_EQ-RIC:.SPX_2023-11-21,double,4577.265745
4:AsianBasketOption,BlackScholes.Forward_EQ-RIC:.SPX_2023-11-22,double,4577.802290
4:AsianBasketOption,BlackScholes.Forward_EQ-RIC:.SPX_2023-11-24,double,4578.873794
4:AsianBasketOption,BlackScholes.Forward_EQ-RIC:.SPX_2023-11-27,double,4580.477085
4:AsianBasketOption,BlackScholes.Forward_EQ-RIC:.SPX_2023-11-28,double,4581.010458
4:AsianBasketOption,BlackScholes.Forward_EQ-RIC:.SPX_2023-11-29,double,4581.543301
4:AsianBasketOption,BlackScholes.Forward_EQ-RIC:.SPX_2023-11-30,double,4582.075614
4:AsianBasketOption,BlackScholes.Forward_EQ-RIC:.SPX_2023-12-01,double,4582.625778
4:AsianBasketOption,BlackScholes.Forward_EQ-RIC:.SPX_2023-12-04,double,4584.275019
4:AsianBasketOption,BlackScholes.Forward_EQ-RIC:.SPX_2023-12-05,double,4584.824348
4:AsianBasketOption,BlackScholes.Forward_EQ-RIC:.SPX_2023-12-06,double,4585.373468
4:AsianBasketOption,BlackScholes.Forward_EQ-RIC:.SPX_2023-12-07,double,4585.922379
4:AsianBasketOption,BlackScholes.Forward_EQ-RIC:.SPX_2023-12-08,double,4586.471081
4:AsianBasketOption,BlackScholes.Forward_EQ-RIC:.SPX_2023-12-11,double,4588.115930
4:AsianBasketOption,BlackScholes.Forward_EQ-RIC:.SPX_2023-12-12,double,4588.663793
4:AsianBasketOption,BlackScholes.Forward_EQ-RIC:.SPX_2023-12-13,double,4589.211448
4:AsianBasketOption,BlackScholes.Forward_EQ-RIC:.SPX_2023-12-14,double,4589.758892
4:AsianBasketOption,BlackScholes.Forward_EQ-RIC:.SPX_2023-12-15,double,4590.306126
4:AsianBasketOption,BlackScholes.Forward_EQ-RIC:.SPX_2023-12-18,double,4592.662195
4:AsianBasketOption,BlackScholes.Forward_EQ-RIC:.SPX_2023-12-19,double,4593.454445
4:AsianBasketOption,BlackScholes.Forward_EQ-RIC:.SPX_2023-12-20,double,4594.250145
4:AsianBasketOption,BlackScholes.Forward_EQ-RIC:.SPX_2023-12-21,double,4595.045461
4:AsianBasketOption,BlackScholes.Forward_EQ-RIC:.SPX_2023-12-22,double,4595.844229
4:AsianBasketOption,BlackScholes.Forward_EQ-RIC:.SPX_2023-12-26,double,4599.073855
4:AsianBasketOption,BlackScholes.Forward_EQ-RIC:.SPX_2023-12-27,double,4599.889910
4:AsianBasketOption,BlackScholes.Forward_EQ-RIC:.SPX_2023-12-28,double,4600.709427
4:AsianBasketOption,BlackScholes.Forward_EQ-RIC:.SPX_2023-12-29,double,4601.532408
4:AsianBasketOption,BlackScholes.Forward_EQ-RIC:.SPX_2024-01-02,double,4603.981544
4:AsianBasketOption,BlackScholes.Forward_EQ-RIC:.SPX_2024-01-03,double,4604.594922
4:AsianBasketOption,BlackScholes.Forward_EQ-RIC:.SPX_2024-01-04,double,4605.208738
4:AsianBasketOption,BlackScholes.Forward_EQ-RIC:.SPX_2024-01-05,double,4605.822992
4:AsianBasketOption,BlackScholes.Forward_EQ-RIC:.SPX_2024-01-08,double,4607.668384
4:AsianBasketOption,BlackScholes.Forward_EQ-RIC:.SPX_2024-01-09,double,4608.284391
4:AsianBasketOption,BlackScholes.Forward_EQ-RIC:.SPX_2024-01-10,double,4608.900838
4:AsianBasketOption,BlackScholes.Forward_EQ-RIC:.SPX_2024-01-11,double,4609.517723
4:AsianBasketOption,BlackScholes.Forward_EQ-RIC:.SPX_2024-01-12,double,4610.135048
4:AsianBasketOption,BlackScholes.Forward_EQ-RIC:.SPX_2024-01-16,double,4612.608740
4:AsianBasketOption,BlackScholes.Forward_EQ-RIC:.SPX_2024-01-17,double,4613.228262
4:AsianBasketOption,BlackScholes.Forward_EQ-RIC:.SPX_2024-01-18,double,4613.838804
4:AsianBasketOption,BlackScholes.Forward_EQ-RIC:.SPX_2024-01-19,double,4614.449783
4:AsianBasketOption,BlackScholes.Forward_EQ-RIC:.SPX_2024-01-22,double,4616.054163
4:AsianBasketOption,BlackScholes.Forward_EQ-RIC:.SPX_2024-01-23,double,4616.587959
4:AsianBasketOption,BlackScholes.Forward_EQ-RIC:.SPX_2024-01-24,double,4617.121257
4:AsianBasketOption,BlackScholes.Forward_EQ-RIC:.SPX_2024-01-25,double,4617.654056
4:AsianBasketOption,BlackScholes.Forward_EQ-RIC:.SPX_2024-01-26,double,4618.186355
4:AsianBasketOption,BlackScholes.Forward_EQ-RIC:.SPX_2024-01-29,double,4619.780257
4:AsianBasketOption,BlackScholes.Forward_EQ-RIC:.SPX_2024-01-30,double,4620.310558
4:AsianBasketOption,BlackScholes.Forward_EQ-RIC:.SPX_2024-01-31,double,4620.840359
4:AsianBasketOption,BlackScholes.Forward_EQ-RIC:.SPX_2024-02-01,double,4621.415629
4:AsianBasketOption,BlackScholes.Forward_EQ-RIC:.SPX_2024-02-02,double,4621.990926
4:AsianBasketOption,BlackScholes.Forward_EQ-RIC:.SPX_2024-02-05,double,4623.716981
4:AsianBasketOption,BlackScholes.Forward_EQ-RIC:.SPX_2024-02-06,double,4624.292387
4:AsianBasketOption,BlackScholes.Forward_EQ-RIC:.SPX_2024-02-07,double,4624.867820
4:AsianBasketOption,BlackScholes.Forward_EQ-RIC:.SPX_2024-02-08,double,4625.443279
4:AsianBasketOption,BlackScholes.Forward_EQ-RIC:.SPX_2024-02-09,double,4626.018766
4:AsianBasketOption,BlackScholes.Forward_EQ-RIC:.SPX_2024-02-12,double,4627.745389
4:AsianBasketOption,BlackScholes.Forward_EQ-RIC:.SPX_2024-02-13,double,4628.320984
4:AsianBasketOption,BlackScholes.Forward_EQ-RIC:.SPX_2024-02-14,double,4628.896606
4:AsianBasketOption,BlackScholes.Forward_EQ-RIC:.SPX_2024-02-15,double,4629.472255
4:AsianBasketOption,BlackScholes.Forward_EQ-RIC:.SPX_2024-02-16,double,4630.047931
4:AsianBasketOption,BlackScholes.Forward_EQ-RIC:.SPX_2024-02-20,double,4632.090207
4:AsianBasketOption,BlackScholes.Forward_EQ-RIC:.SPX_2024-02-21,double,4632.599151
4:AsianBasketOption,BlackScholes.Forward_EQ-RIC:.SPX_2024-02-22,double,4633.102767
4:AsianBasketOption,BlackScholes.Forward_EQ-RIC:.SPX_2024-02-23,double,4633.605731
4:AsianBasketOption,BlackScholes.Forward_EQ-RIC:.SPX_2024-02-26,double,4635.110711
4:AsianBasketOption,BlackScholes.Forward_EQ-RIC:.SPX_2024-02-27,double,4635.611066
4:AsianBasketOption,BlackScholes.Forward_EQ-RIC:.SPX_2024-02-28,double,4636.110768
4:AsianBasketOption,BlackScholes.Forward_EQ-RIC:.SPX_2024-02-29,double,4636.609817
4:AsianBasketOption,BlackScholes.Forward_EQ-RIC:.SPX_2024-03-01,double,4637.108213
4:AsianBasketOption,BlackScholes.Forward_EQ-RIC:.SPX_2024-03-04,double,4638.599478
4:AsianBasketOption,BlackScholes.Forward_EQ-RIC:.SPX_2024-03-05,double,4639.095258
4:AsianBasketOption,BlackScholes.Forward_EQ-RIC:.SPX_2024-03-06,double,4639.590384
4:AsianBasketOption,BlackScholes.Forward_EQ-RIC:.SPX_2024-03-07,double,4640.084855
4:AsianBasketOption,BlackScholes.Forward_EQ-RIC:.SPX_2024-03-08,double,4640.578671
4:AsianBasketOption,BlackScholes.Forward_EQ-RIC:.SPX_2024-03-11,double,4642.056189
4:AsianBasketOption,BlackScholes.Forward_EQ-RIC:.SPX_2024-03-12,double,4642.547384
4:AsianBasketOption,BlackScholes.Forward_EQ-RIC:.SPX_2024-03-13,double,4643.037923
4:AsianBasketOption,BlackScholes.Forward_EQ-RIC:.SPX_2024-03-14,double,4643.527805
4:AsianBasketOption,BlackScholes.Forward_EQ-RIC:.SPX_2024-03-15,double,4644.017032
4:AsianBasketOption,BlackScholes.Forward_EQ-RIC:.SPX_2024-03-18,double,4645.928650
4:AsianBasketOption,BlackScholes.Forward_EQ-RIC:.SPX_2024-03-19,double,4646.567280
4:AsianBasketOption,BlackScholes.Forward_EQ-RIC:.SPX_2024-03-20,double,4647.206623
4:AsianBasketOption,BlackScholes.Forward_EQ-RIC:.SPX_2024-03-21,double,4647.838090
4:AsianBasketOption,BlackScholes.Forward_EQ-RIC:.SPX_2024-03-22,double,4648.470268
4:AsianBasketOption,BlackScholes.Forward_EQ-RIC:.SPX_2024-03-25,double,4650.371068
4:AsianBasketOption,BlackScholes.Forward_EQ-RIC:.SPX_2024-03-26,double,4651.006092
4:AsianBasketOption,BlackScholes.Forward_EQ-RIC:.SPX_2024-03-27,double,4651.641827
4:AsianBasketOption,BlackScholes.Forward_EQ-RIC:.SPX_2024-03-28,double,4652.278275
4:AsianBasketOption,BlackScholes.Forward_EQ-RIC:.SPX_2024-03-29,double,4652.818744
4:AsianBasketOption,BlackScholes.Forward_EQ-RIC:.SPX_2024-04-01,double,4654.439342
4:AsianBasketOption,BlackScholes.Forward_EQ-RIC:.SPX_2024-04-02,double,4654.979271
4:AsianBasketOption,BlackScholes.Forward_EQ-RIC:.SPX_2024-04-03,double,4655.519066
4:AsianBasketOption,BlackScholes.Forward_EQ-RIC:.SPX_2024-04-04,double,4656.058727
4:AsianBasketOption,BlackScholes.Forward_EQ-RIC:.SPX_2024-04-05,double,4656.598252
4:AsianBasketOption,BlackScholes.Forward_EQ-RIC:.SPX_2024-04-08,double,4658.216018
4:AsianBasketOption,BlackScholes.Forward_EQ-RIC:.SPX_2024-04-09,double,4658.755003
4:AsianBasketOption,BlackScholes.Forward_EQ-RIC:.SPX_2024-04-10,double,4659.293853
4:AsianBasketOption,BlackScholes.Forward_EQ-RIC:.SPX_2024-04-11,double,4659.832567
4:AsianBasketOption,BlackScholes.Forward_EQ-RIC:.SPX_2024-04-12,double,4660.371146
4:AsianBasketOption,BlackScholes.Forward_EQ-RIC:.SPX_2024-04-15,double,4661.986071
4:AsianBasketOption,BlackScholes.Forward_EQ-RIC:.SPX_2024-04-16,double,4662.524108
4:AsianBasketOption,BlackScholes.Forward_EQ-RIC:.SPX_2024-04-17,double,4663.062010
4:AsianBasketOption,BlackScholes.Forward_EQ-RIC:.SPX_2024-04-18,double,4663.568528
4:AsianBasketOption,BlackScholes.Forward_EQ-RIC:.SPX_2024-04-19,double,4664.074903
4:AsianBasketOption,BlackScholes.Forward_EQ-RIC:.SPX_2024-04-22,double,4665.577182
4:AsianBasketOption,BlackScholes.Forward_EQ-RIC:.SPX_2024-04-23,double,4666.077571
4:AsianBasketOption,BlackScholes.Forward_EQ-RIC:.SPX_2024-04-24,double,4666.577775
4:AsianBasketOption,BlackScholes.Forward_EQ-RIC:.SPX_2024-04-25,double,4667.077793
4:AsianBasketOption,BlackScholes.Forward_EQ-RIC:.SPX_2024-04-26,double,4667.577626
4:AsianBasketOption,BlackScholes.Forward_EQ-RIC:.SPX_2024-04-29,double,4669.076010
4:AsianBasketOption,BlackScholes.Forward_EQ-RIC:.SPX_2024-04-30,double,4669.575099
4:AsianBasketOption,BlackScholes.Forward_EQ-RIC:.SPX_2024-05-01,double,4670.074003
4:AsianBasketOption,BlackScholes.Forward_EQ-RIC:.SPX_2024-05-02,double,4670.572721
4:AsianBasketOption,BlackScholes.Forward_EQ-RIC:.SPX_2024-05-03,double,4671.071253
4:AsianBasketOption,BlackScholes.Forward_EQ-RIC:.SPX_2024-05-06,double,4672.565732
4:AsianBasketOption,BlackScholes.Forward_EQ-RIC:.SPX_2024-05-07,double,4673.063519
4:AsianBasketOption,BlackScholes.Forward_EQ-RIC:.SPX_2024-05-08,double,4673.561120
4:AsianBasketOption,BlackScholes.Forward_EQ-RIC:.SPX_2024-05-09,double,4674.058534
4:AsianBasketOption,BlackScholes.Forward_EQ-RIC:.SPX_2024-05-10,double,4674.555762
4:AsianBasketOption,BlackScholes.Forward_EQ-RIC:.SPX_2024-05-13,double,4676.046325
4:AsianBasketOption,BlackScholes.Forward_EQ-RIC:.SPX_2024-05-14,double,4676.542806
4:AsianBasketOption,BlackScholes.Forward_EQ-RIC:.SPX_2024-05-15,double,4677.039100
4:AsianBasketOption,BlackScholes.Forward_EQ-RIC:.SPX_2024-05-16,double,4677.535207
4:AsianBasketOption,BlackScholes.Forward_EQ-RIC:.SPX_2024-05-17,double,4678.031127
4:AsianBasketOption,BlackScholes.Forward_EQ-RIC:.SPX_2024-05-20,double,4679.540024
4:AsianBasketOption,BlackScholes.Forward_EQ-RIC:.SPX_2024-05-21,double,4680.042722
4:AsianBasketOption,BlackScholes.Forward_EQ-RIC:.SPX_2024-05-22,double,4680.545286
4:AsianBasketOption,BlackScholes.Forward_EQ-RIC:.SPX_2024-05-23,double,4681.047715
4:AsianBasketOption,BlackScholes.Forward_EQ-RIC:.SPX_2024-05-24,double,4681.550011
4:AsianBasketOption,BlackScholes.Forward_EQ-RIC:.SPX_2024-05-28,double,4683.557849
4:AsianBasketOption,BlackScholes.Forward_EQ-RIC:.SPX_2024-05-29,double,4684.059473
4:AsianBasketOption,BlackScholes.Forward_EQ-RIC:.SPX_2024-05-30,double,4684.560962
4:AsianBasketOption,BlackScholes.Forward_EQ-RIC:.SPX_2024-05-31,double,4685.062317
4:AsianBasketOption,BlackScholes.Forward_EQ-RIC:.SPX_2024-06-03,double,4686.565573
4:AsianBasketOption,BlackScholes.Forward_EQ-RIC:.SPX_2024-06-04,double,4687.066389
4:AsianBasketOption,BlackScholes.Forward_EQ-RIC:.SPX_2024-06-05,double,4687.567070
4:AsianBasketOption,BlackScholes.Forward_EQ-RIC:.SPX_2024-06-06,double,4688.067617
4:AsianBasketOption,BlackScholes.Forward_EQ-RIC:.SPX_2024-06-07,double,4688.568028
4:AsianBasketOption,BlackScholes.Forward_EQ-RIC:.SPX_2024-06-10,double,4690.068452
4:AsianBasketOption,BlackScholes.Forward_EQ-RIC:.SPX_2024-06-11,double,4690.568323
4:AsianBasketOption,BlackScholes.Forward_EQ-RIC:.SPX_2024-06-12,double,4691.068059
4:AsianBasketOption,BlackScholes.Forward_EQ-RIC:.SPX_2024-06-13,double,4691.567660
4:AsianBasketOption,BlackScholes.Forward_EQ-RIC:.SPX_2024-06-14,double,4692.067125
4:AsianBasketOption,BlackScholes.Forward_EQ-RIC:.SPX_2024-06-17,double,4693.564708
4:AsianBasketOption,BlackScholes.Forward_EQ-RIC:.SPX_2024-06-18,double,4694.063632
4:AsianBasketOption,BlackScholes.Forward_EQ-RIC:.SPX_2024-06-20,double,4695.021796
4:AsianBasketOption,BlackScholes.Forward_EQ-RIC:.SPX_2024-06-21,double,4695.481028
4:AsianBasketOption,BlackScholes.Forward_EQ-RIC:.SPX_2024-06-24,double,4697.110837
4:AsianBasketOption,BlackScholes.Forward_EQ-RIC:.SPX_2024-06-25,double,4697.654903
4:AsianBasketOption,BlackScholes.Forward_EQ-RIC:.SPX_2024-06-26,double,4698.199367
4:AsianBasketOption,BlackScholes.Forward_EQ-RIC:.SPX_2024-06-27,double,4698.744229
4:AsianBasketOption,BlackScholes.Forward_EQ-RIC:.SPX_2024-06-28,double,4699.289490
4:AsianBasketOption,BlackScholes.Forward_EQ-RIC:.SPX_2024-07-01,double,4700.874705
4:AsianBasketOption,BlackScholes.Forward_EQ-RIC:.SPX_2024-07-02,double,4701.403685
4:AsianBasketOption,BlackScholes.Forward_EQ-RIC:.SPX_2024-07-03,double,4701.932952
4:AsianBasketOption,BlackScholes.Forward_EQ-RIC:.SPX_2024-07-05,double,4702.992351
4:AsianBasketOption,BlackScholes.Forward_EQ-RIC:.SPX_2024-07-08,double,4704.583607
4:AsianBasketOption,BlackScholes.Forward_EQ-RIC:.SPX_2024-07-09,double,4705.114602
4:AsianBasketOption,BlackScholes.Forward_EQ-RIC:.SPX_2024-07-10,double,4705.645885
4:AsianBasketOption,BlackScholes.Forward_EQ-RIC:.SPX_2024-07-11,double,4706.177456
4:AsianBasketOption,BlackScholes.Forward_EQ-RIC:.SPX_2024-07-12,double,4706.709315
4:AsianBasketOption,BlackScholes.Forward_EQ-RIC:.SPX_2024-07-15,double,4708.306625
4:AsianBasketOption,BlackScholes.Forward_EQ-RIC:.SPX_2024-07-16,double,4708.839639
4:AsianBasketOption,BlackScholes.Forward_EQ-RIC:.SPX_2024-07-17,double,4709.372941
4:AsianBasketOption,BlackScholes.Forward_EQ-RIC:.SPX_2024-07-18,double,4709.906533
4:AsianBasketOption,BlackScholes.Forward_EQ-RIC:.SPX_2024-07-19,double,4710.440413
4:AsianBasketOption,BlackScholes.Forward_EQ-RIC:.SPX_2024-07-22,double,4711.801775
4:AsianBasketOption,BlackScholes.Forward_EQ-RIC:.SPX_2024-07-23,double,4712.255184
4:AsianBasketOption,BlackScholes.Forward_EQ-RIC:.SPX_2024-07-24,double,4712.708405
4:AsianBasketOption,BlackScholes.Forward_EQ-RIC:.SPX_2024-07-25,double,4713.161437
4:AsianBasketOption,BlackScholes.Forward_EQ-RIC:.SPX_2024-07-26,double,4713.614280
4:AsianBasketOption,BlackScholes.Forward_EQ-RIC:.SPX_2024-07-29,double,4714.971674
4:AsianBasketOption,BlackScholes.Forward_EQ-RIC:.SPX_2024-07-30,double,4715.423761
4:AsianBasketOption,BlackScholes.Forward_EQ-RIC:.SPX_2024-07-31,double,4715.875658
4:AsianBasketOption,BlackScholes.Forward_EQ-RIC:.SPX_2024-08-01,double,4716.327366
4:AsianBasketOption,BlackScholes.Forward_EQ-RIC:.SPX_2024-08-02,double,4716.778884
4:AsianBasketOption,BlackScholes.Forward_EQ-RIC:.SPX_2024-08-05,double,4718.132303
4:AsianBasketOption,BlackScholes.Forward_EQ-RIC:.SPX_2024-08-06,double,4718.583063
4:AsianBasketOption,BlackScholes.Forward_EQ-RIC:.SPX_2024-08-07,double,4719.033633
4:AsianBasketOption,BlackScholes.Forward_EQ-RIC:.SPX_2024-08-08,double,4719.484014
4:AsianBasketOption,BlackScholes.Forward_EQ-RIC:.SPX_2024-08-09,double,4719.934205
4:AsianBasketOption,BlackScholes.Forward_EQ-RIC:.SPX_2024-08-12,double,4721.283638
4:AsianBasketOption,BlackScholes.Forward_EQ-RIC:.SPX_2024-08-13,double,4721.733069
4:AsianBasketOption,BlackScholes.Forward_EQ-RIC:.SPX_2024-08-14,double,4722.182309
4:AsianBasketOption,BlackScholes.Forward_EQ-RIC:.SPX_2024-08-15,double,4722.631360
4:AsianBasketOption,BlackScholes.Forward_EQ-RIC:.SPX_2024-08-16,double,4723.080220
4:AsianBasketOption,BlackScholes.Forward_EQ-RIC:.SPX_2024-08-19,double,4724.543854
4:AsianBasketOption,BlackScholes.Forward_EQ-RIC:.SPX_2024-08-20,double,4725.031784
4:AsianBasketOption,BlackScholes.Forward_EQ-RIC:.SPX_2024-08-21,double,4725.519739
4:AsianBasketOption,BlackScholes.Forward_EQ-RIC:.SPX_2024-08-22,double,4726.007720
4:AsianBasketOption,BlackScholes.Forward_EQ-RIC:.SPX_2024-08-23,double,4726.495727
4:AsianBasketOption,BlackScholes.Forward_EQ-RIC:.SPX_2024-08-26,double,4727.959903
4:AsianBasketOption,BlackScholes.Forward_EQ-RIC:.SPX_2024-08-27,double,4728.448013
4:AsianBasketOption,BlackScholes.Forward_EQ-RIC:.SPX_2024-08-28,double,4728.936149
4:AsianBasketOption,BlackScholes.Forward_EQ-RIC:.SPX_2024-08-29,double,4729.424311
4:AsianBasketOption,BlackScholes.Forward_EQ-RIC:.SPX_2024-08-30,double,4729.912498
4:AsianBasketOption,BlackScholes.Forward_EQ-RIC:.SPX_2024-09-03,double,4731.865505
4:AsianBasketOption,BlackScholes.Forward_EQ-RIC:.SPX_2024-09-04,double,4732.353822
4:AsianBasketOption,BlackScholes.Forward_EQ-RIC:.SPX_2024-09-05,double,4732.842164
4:AsianBasketOption,BlackScholes.Forward_EQ-RIC:.SPX_2024-09-06,double,4733.330531
4:AsianBasketOption,BlackScholes.Forward_EQ-RIC:.SPX_2024-09-09,double,4734.795789
4:AsianBasketOption,BlackScholes.Forward_EQ-RIC:.SPX_2024-09-10,double,4735.284260
4:AsianBasketOption,BlackScholes.Forward_EQ-RIC:.SPX_2024-09-11,double,4735.772756
4:AsianBasketOption,BlackScholes.Forward_EQ-RIC:.SPX_2024-09-12,double,4736.261279
4:AsianBasketOption,BlackScholes.Forward_EQ-RIC:.SPX_2024-09-13,double,4736.749826
4:AsianBasketOption,BlackScholes.Forward_EQ-RIC:.SPX_2024-09-16,double,4738.215625
4:AsianBasketOption,BlackScholes.Forward_EQ-RIC:.SPX_2024-09-17,double,4738.704276
4:AsianBasketOption,BlackScholes.Forward_EQ-RIC:.SPX_2024-09-18,double,4739.192952
4:AsianBasketOption,BlackScholes.Forward_EQ-RIC:.SPX_2024-09-19,double,4739.628279
4:AsianBasketOption,BlackScholes.Forward_EQ-RIC:.SPX_2024-09-20,double,4740.063621
4:AsianBasketOption,BlackScholes.Forward_EQ-RIC:.SPX_2024-09-23,double,4741.366878
4:AsianBasketOption,BlackScholes.Forward_EQ-RIC:.SPX_2024-09-24,double,4741.801317
4:AsianBasketOption,BlackScholes.Forward_EQ-RIC:.SPX_2024-09-25,double,4742.235768
4:AsianBasketOption,BlackScholes.Forward_EQ-RIC:.SPX_2024-09-26,double,4742.670229
4:AsianBasketOption,BlackScholes.Forward_EQ-RIC:.SPX_2024-09-27,double,4743.104700
4:AsianBasketOption,BlackScholes.Forward_EQ-RIC:.SPX_2024-09-30,double,4744.408178
4:AsianBasketOption,BlackScholes.Forward_EQ-RIC:.SPX_2024-10-01,double,4744.842691
4:AsianBasketOption,BlackScholes.Forward_EQ-RIC:.SPX_2024-10-02,double,4745.277215
4:AsianBasketOption,BlackScholes.Forward_EQ-RIC:.SPX_2024-10-03,double,4745.711749
4:AsianBasketOption,BlackScholes.Forward_EQ-RIC:.SPX_2024-10-04,double,4746.146294
4:AsianBasketOption,BlackScholes.Forward_EQ-RIC:.SPX_2024-10-07,double,4747.449991
4:AsianBasketOption,BlackScholes.Forward_EQ-RIC:.SPX_2024-10-08,double,4747.884577
4:AsianBasketOption,BlackScholes.Forward_EQ-RIC:.SPX_2024-10-09,double,4748.319174
4:AsianBasketOption,BlackScholes.Forward_EQ-RIC:.SPX_2024-10-10,double,4748.753782
4:AsianBasketOption,BlackScholes.Forward_EQ-RIC:.SPX_2024-10-11,double,4749.188399
4:AsianBasketOption,BlackScholes.Forward_EQ-RIC:.SPX_2024-10-15,double,4750.926975
4:AsianBasketOption,BlackScholes.Forward_EQ-RIC:.STOXX50E_2023-08-07,double,4337.500000
4:AsianBasketOption,BlackScholes.Forward_EQ-RIC:.STOXX50E_2023-10-16,double,4368.707755
4:AsianBasketOption,BlackScholes.Forward_EQ-RIC:.STOXX50E_2023-10-17,double,4369.164787
4:AsianBasketOption,BlackScholes.Forward_EQ-RIC:.STOXX50E_2023-10-18,double,4369.621867
4:AsianBasketOption,BlackScholes.Forward_EQ-RIC:.STOXX50E_2023-10-19,double,4370.078994
4:AsianBasketOption,BlackScholes.Forward_EQ-RIC:.STOXX50E_2023-10-20,double,4370.536169
4:AsianBasketOption,BlackScholes.Forward_EQ-RIC:.STOXX50E_2023-10-23,double,4371.907982
4:AsianBasketOption,BlackScholes.Forward_EQ-RIC:.STOXX50E_2023-10-24,double,4372.365348
4:AsianBasketOption,BlackScholes.Forward_EQ-RIC:.STOXX50E_2023-10-25,double,4372.822762
4:AsianBasketOption,BlackScholes.Forward_EQ-RIC:.STOXX50E_2023-10-26,double,4373.280225
4:AsianBasketOption,BlackScholes.Forward_EQ-RIC:.STOXX50E_2023-10-27,double,4373.737735
4:AsianBasketOption,BlackScholes.Forward_EQ-RIC:.STOXX50E_2023-10-30,double,4375.110552
4:AsianBasketOption,BlackScholes.Forward_EQ-RIC:.STOXX50E_2023-10-31,double,4375.568254
4:AsianBasketOption,BlackScholes.Forward_EQ-RIC:.STOXX50E_2023-11-01,double,4376.026003
4:AsianBasketOption,BlackScholes.Forward_EQ-RIC:.STOXX50E_2023-11-02,double,4376.483800
4:AsianBasketOption,BlackScholes.Forward_EQ-RIC:.STOXX50E_2023-11-03,double,4376.941646
4:AsianBasketOption,BlackScholes.Forward_EQ-RIC:.STOXX50E_2023-11-06,double,4378.315469
4:AsianBasketOption,BlackScholes.Forward_EQ-RIC:.STOXX50E_2023-11-07,double,4378.773505
4:AsianBasketOption,BlackScholes.Forward_EQ-RIC:.STOXX50E_2023-11-08,double,4379.231590
4:AsianBasketOption,BlackScholes.Forward_EQ-RIC:.STOXX50E_2023-11-09,double,4379.689723
4:AsianBasketOption,BlackScholes.Forward_EQ-RIC:.STOXX50E_2023-11-13,double,4381.543718
4:AsianBasketOption,BlackScholes.Forward_EQ-RIC:.STOXX50E_2023-11-14,double,4382.007339
4:AsianBasketOption,BlackScholes.Forward_EQ-RIC:.STOXX50E_2023-11-15,double,4382.471009
4:AsianBasketOption,BlackScholes.Forward_EQ-RIC:.STOXX50E_2023-11-16,double,4382.934729
4:AsianBasketOption,BlackScholes.Forward_EQ-RIC:.STOXX50E_2023-11-17,double,4383.398497
4:AsianBasketOption,BlackScholes.Forward_EQ-RIC:.STOXX50E_2023-11-20,double,4384.790097
4:AsianBasketOption,BlackScholes.Forward_EQ-RIC:.STOXX50E_2023-11-21,double,4385.254062
4:AsianBasketOption,BlackScholes.Forward_EQ-RIC:.STOXX50E_2023-11-22,double,4385.718076
4:AsianBasketOption,BlackScholes.Forward_EQ-RIC:.STOXX50E_2023-11-24,double,4386.646251
4:AsianBasketOption,BlackScholes.Forward_EQ-RIC:.STOXX50E_2023-11-27,double,4388.038882
4:AsianBasketOption,BlackScholes.Forward_EQ-RIC:.STOXX50E_2023-11-28,double,4388.503191
4:AsianBasketOption,BlackScholes.Forward_EQ-RIC:.STOXX50E_2023-11-29,double,4388.967548
4:AsianBasketOption,BlackScholes.Forward_EQ-RIC:.STOXX50E_2023-11-30,double,4389.431955
4:AsianBasketOption,BlackScholes.Forward_EQ-RIC:.STOXX50E_2023-12-01,double,4389.896411
4:AsianBasketOption,BlackScholes.Forward_EQ-RIC:.STOXX50E_2023-12-04,double,4391.290074
4:AsianBasketOption,BlackScholes.Forward_EQ-RIC:.STOXX50E_2023-12-05,double,4391.754727
4:AsianBasketOption,BlackScholes.Forward_EQ-RIC:.STOXX50E_2023-12-06,double,4392.219428
4:AsianBasketOption,BlackScholes.Forward_EQ-RIC:.STOXX50E_2023-12-07,double,4392.684179
4:AsianBasketOption,BlackScholes.Forward_EQ-RIC:.STOXX50E_2023-12-08,double,4393.148979
4:AsianBasketOption,BlackScholes.Forward_EQ-RIC:.STOXX50E_2023-12-11,double,4394.543675
4:AsianBasketOption,BlackScholes.Forward_EQ-RIC:.STOXX50E_2023-12-12,double,4395.008177
4:AsianBasketOption,BlackScholes.Forward_EQ-RIC:.STOXX50E_2023-12-13,double,4395.472728
4:AsianBasketOption,BlackScholes.Forward_EQ-RIC:.STOXX50E_2023-12-14,double,4395.937328
4:AsianBasketOption,BlackScholes.Forward_EQ-RIC:.STOXX50E_2023-12-15,double,4396.401977
4:AsianBasketOption,BlackScholes.Forward_EQ-RIC:.STOXX50E_2023-12-18,double,4397.796219
4:AsianBasketOption,BlackScholes.Forward_EQ-RIC:.STOXX50E_2023-12-19,double,4398.261065
4:AsianBasketOption,BlackScholes.Forward_EQ-RIC:.STOXX50E_2023-12-20,double,4398.725960
4:AsianBasketOption,BlackScholes.Forward_EQ-RIC:.STOXX50E_2023-12-21,double,4399.190904
4:AsianBasketOption,BlackScholes.Forward_EQ-RIC:.STOXX50E_2023-12-22,double,4399.655897
4:AsianBasketOption,BlackScholes.Forward_EQ-RIC:.STOXX50E_2023-12-26,double,4401.516361
4:AsianBasketOption,BlackScholes.Forward_EQ-RIC:.STOXX50E_2023-12-27,double,4401.981600
4:AsianBasketOption,BlackScholes.Forward_EQ-RIC:.STOXX50E_2023-12-28,double,4402.446888
4:AsianBasketOption,BlackScholes.Forward_EQ-RIC:.STOXX50E_2023-12-29,double,4402.912226
4:AsianBasketOption,BlackScholes.Forward_EQ-RIC:.STOXX50E_2024-01-02,double,4404.774067
4:AsianBasketOption,BlackScholes.Forward_EQ-RIC:.STOXX50E_2024-01-03,double,4405.239650
4:AsianBasketOption,BlackScholes.Forward_EQ-RIC:.STOXX50E_2024-01-04,double,4405.705282
4:AsianBasketOption,BlackScholes.Forward_EQ-RIC:.STOXX50E_2024-01-05,double,4406.170964
4:AsianBasketOption,BlackScholes.Forward_EQ-RIC:.STOXX50E_2024-01-08,double,4407.568304
4:AsianBasketOption,BlackScholes.Forward_EQ-RIC:.STOXX50E_2024-01-09,double,4408.034183
4:AsianBasketOption,BlackScholes.Forward_EQ-RIC:.STOXX50E_2024-01-10,double,4408.500904
4:AsianBasketOption,BlackScholes.Forward_EQ-RIC:.STOXX50E_2024-01-11,double,4408.967674
4:AsianBasketOption,BlackScholes.Forward_EQ-RIC:.STOXX50E_2024-01-12,double,4409.434494
4:AsianBasketOption,BlackScholes.Forward_EQ-RIC:.STOXX50E_2024-01-16,double,4411.302267
4:AsianBasketOption,BlackScholes.Forward_EQ-RIC:.STOXX50E_2024-01-17,double,4411.769334
4:AsianBasketOption,BlackScholes.Forward_EQ-RIC:.STOXX50E_2024-01-18,double,4412.236450
4:AsianBasketOption,BlackScholes.Forward_EQ-RIC:.STOXX50E_2024-01-19,double,4412.703616
4:AsianBasketOption,BlackScholes.Forward_EQ-RIC:.STOXX50E_2024-01-22,double,4414.105410
4:AsianBasketOption,BlackScholes.Forward_EQ-RIC:.STOXX50E_2024-01-23,double,4414.572774
4:AsianBasketOption,BlackScholes.Forward_EQ-RIC:.STOXX50E_2024-01-24,double,4415.040187
4:AsianBasketOption,BlackScholes.Forward_EQ-RIC:.STOXX50E_2024-01-25,double,4415.507649
4:AsianBasketOption,BlackScholes.Forward_EQ-RIC:.STOXX50E_2024-01-26,double,4415.975162
4:AsianBasketOption,BlackScholes.Forward_EQ-RIC:.STOXX50E_2024-01-29,double,4417.377995
4:AsianBasketOption,BlackScholes.Forward_EQ-RIC:.STOXX50E_2024-01-30,double,4417.845705
4:AsianBasketOption,BlackScholes.Forward_EQ-RIC:.STOXX50E_2024-01-31,double,4418.313465
4:AsianBasketOption,BlackScholes.Forward_EQ-RIC:.STOXX50E_2024-02-01,double,4418.781274
4:AsianBasketOption,BlackScholes.Forward_EQ-RIC:.STOXX50E_2024-02-02,double,4419.249133
4:AsianBasketOption,BlackScholes.Forward_EQ-RIC:.STOXX50E_2024-02-05,double,4420.653006
4:AsianBasketOption,BlackScholes.Forward_EQ-RIC:.STOXX50E_2024-02-06,double,4421.121063
4:AsianBasketOption,BlackScholes.Forward_EQ-RIC:.STOXX50E_2024-02-07,double,4421.589170
4:AsianBasketOption,BlackScholes.Forward_EQ-RIC:.STOXX50E_2024-02-08,double,4422.057326
4:AsianBasketOption,BlackScholes.Forward_EQ-RIC:.STOXX50E_2024-02-09,double,4422.525531
4:AsianBasketOption,BlackScholes.Forward_EQ-RIC:.STOXX50E_2024-02-12,double,4423.927245
4:AsianBasketOption,BlackScholes.Forward_EQ-RIC:.STOXX50E_2024-02-13,double,4424.394582
4:AsianBasketOption,BlackScholes.Forward_EQ-RIC:.STOXX50E_2024-02-14,double,4424.861968
4:AsianBasketOption,BlackScholes.Forward_EQ-RIC:.STOXX50E_2024-02-15,double,4425.329404
4:AsianBasketOption,BlackScholes.Forward_EQ-RIC:.STOXX50E_2024-02-16,double,4425.796889
4:AsianBasketOption,BlackScholes.Forward_EQ-RIC:.STOXX50E_2024-02-20,double,4427.667322
4:AsianBasketOption,BlackScholes.Forward_EQ-RIC:.STOXX50E_2024-02-21,double,4428.135054
4:AsianBasketOption,BlackScholes.Forward_EQ-RIC:.STOXX50E_2024-02-22,double,4428.602835
4:AsianBasketOption,BlackScholes.Forward_EQ-RIC:.STOXX50E_2024-02-23,double,4429.070666
4:AsianBasketOption,BlackScholes.Forward_EQ-RIC:.STOXX50E_2024-02-26,double,4430.474454
4:AsianBasketOption,BlackScholes.Forward_EQ-RIC:.STOXX50E_2024-02-27,double,4430.942483
4:AsianBasketOption,BlackScholes.Forward_EQ-RIC:.STOXX50E_2024-02-28,double,4431.410561
4:AsianBasketOption,BlackScholes.Forward_EQ-RIC:.STOXX50E_2024-02-29,double,4431.878688
4:AsianBasketOption,BlackScholes.Forward_EQ-RIC:.STOXX50E_2024-03-01,double,4432.346865
4:AsianBasketOption,BlackScholes.Forward_EQ-RIC:.STOXX50E_2024-03-04,double,4433.751691
4:AsianBasketOption,BlackScholes.Forward_EQ-RIC:.STOXX50E_2024-03-05,double,4434.220066
4:AsianBasketOption,BlackScholes.Forward_EQ-RIC:.STOXX50E_2024-03-06,double,4434.688490
4:AsianBasketOption,BlackScholes.Forward_EQ-RIC:.STOXX50E_2024-03-07,double,4435.156964
4:AsianBasketOption,BlackScholes.Forward_EQ-RIC:.STOXX50E_2024-03-08,double,4435.625487
4:AsianBasketOption,BlackScholes.Forward_EQ-RIC:.STOXX50E_2024-03-11,double,4437.031353
4:AsianBasketOption,BlackScholes.Forward_EQ-RIC:.STOXX50E_2024-03-12,double,4437.491822
4:AsianBasketOption,BlackScholes.Forward_EQ-RIC:.STOXX50E_2024-03-13,double,4437.952339
4:AsianBasketOption,BlackScholes.Forward_EQ-RIC:.STOXX50E_2024-03-14,double,4438.412904
4:AsianBasketOption,BlackScholes.Forward_EQ-RIC:.STOXX50E_2024-03-15,double,4438.873516
4:AsianBasketOption,BlackScholes.Forward_EQ-RIC:.STOXX50E_2024-03-18,double,4440.255641
4:AsianBasketOption,BlackScholes.Forward_EQ-RIC:.STOXX50E_2024-03-19,double,4440.716444
4:AsianBasketOption,BlackScholes.Forward_EQ-RIC:.STOXX50E_2024-03-20,double,4441.177296
4:AsianBasketOption,BlackScholes.Forward_EQ-RIC:.STOXX50E_2024-03-21,double,4441.638195
4:AsianBasketOption,BlackScholes.Forward_EQ-RIC:.STOXX50E_2024-03-22,double,4442.099143
4:AsianBasketOption,BlackScholes.Forward_EQ-RIC:.STOXX50E_2024-03-25,double,4443.482271
4:AsianBasketOption,BlackScholes.Forward_EQ-RIC:.STOXX50E_2024-03-26,double,4443.943410
4:AsianBasketOption,BlackScholes.Forward_EQ-RIC:.STOXX50E_2024-03-27,double,4444.404597
4:AsianBasketOption,BlackScholes.Forward_EQ-RIC:.STOXX50E_2024-03-28,double,4444.865831
4:AsianBasketOption,BlackScholes.Forward_EQ-RIC:.STOXX50E_2024-03-29,double,4445.327113
4:AsianBasketOption,BlackScholes.Forward_EQ-RIC:.STOXX50E_2024-04-01,double,4446.711247
4:AsianBasketOption,BlackScholes.Forward_EQ-RIC:.STOXX50E_2024-04-02,double,4447.172721
4:AsianBasketOption,BlackScholes.Forward_EQ-RIC:.STOXX50E_2024-04-03,double,4447.634242
4:AsianBasketOption,BlackScholes.Forward_EQ-RIC:.STOXX50E_2024-04-04,double,4448.095812
4:AsianBasketOption,BlackScholes.Forward_EQ-RIC:.STOXX50E_2024-04-05,double,4448.557429
4:AsianBasketOption,BlackScholes.Forward_EQ-RIC:.STOXX50E_2024-04-08,double,4449.942569
4:AsianBasketOption,BlackScholes.Forward_EQ-RIC:.STOXX50E_2024-04-09,double,4450.404378
4:AsianBasketOption,BlackScholes.Forward_EQ-RIC:.STOXX50E_2024-04-10,double,4450.858787
4:AsianBasketOption,BlackScholes.Forward_EQ-RIC:.STOXX50E_2024-04-11,double,4451.313243
4:AsianBasketOption,BlackScholes.Forward_EQ-RIC:.STOXX50E_2024-04-12,double,4451.767745
4:AsianBasketOption,BlackScholes.Forward_EQ-RIC:.STOXX50E_2024-04-15,double,4453.131530
4:AsianBasketOption,BlackScholes.Forward_EQ-RIC:.STOXX50E_2024-04-16,double,4453.586218
4:AsianBasketOption,BlackScholes.Forward_EQ-RIC:.STOXX50E_2024-04-17,double,4454.040952
4:AsianBasketOption,BlackScholes.Forward_EQ-RIC:.STOXX50E_2024-04-18,double,4454.495733
4:AsianBasketOption,BlackScholes.Forward_EQ-RIC:.STOXX50E_2024-04-19,double,4454.950560
4:AsianBasketOption,BlackScholes.Forward_EQ-RIC:.STOXX50E_2024-04-22,double,4456.315320
4:AsianBasketOption,BlackScholes.Forward_EQ-RIC:.STOXX50E_2024-04-23,double,4456.770333
4:AsianBasketOption,BlackScholes.Forward_EQ-RIC:.STOXX50E_2024-04-24,double,4457.225392
4:AsianBasketOption,BlackScholes.Forward_EQ-RIC:.STOXX50E_2024-04-25,double,4457.680498
4:AsianBasketOption,BlackScholes.Forward_EQ-RIC:.STOXX50E_2024-04-26,double,4458.135650
4:AsianBasketOption,BlackScholes.Forward_EQ-RIC:.STOXX50E_2024-04-29,double,4459.501386
4:AsianBasketOption,BlackScholes.Forward_EQ-RIC:.STOXX50E_2024-04-30,double,4459.956724
4:AsianBasketOption,BlackScholes.Forward_EQ-RIC:.STOXX50E_2024-05-01,double,4460.412109
4:AsianBasketOption,BlackScholes.Forward_EQ-RIC:.STOXX50E_2024-05-02,double,4460.867540
4:AsianBasketOption,BlackScholes.Forward_EQ-RIC:.STOXX50E_2024-05-03,double,4461.323018
4:AsianBasketOption,BlackScholes.Forward_EQ-RIC:.STOXX50E_2024-05-06,double,4462.689730
4:AsianBasketOption,BlackScholes.Forward_EQ-RIC:.STOXX50E_2024-05-07,double,4463.145393
4:AsianBasketOption,BlackScholes.Forward_EQ-RIC:.STOXX50E_2024-05-08,double,4463.601104
4:AsianBasketOption,BlackScholes.Forward_EQ-RIC:.STOXX50E_2024-05-09,double,4464.056860
4:AsianBasketOption,BlackScholes.Forward_EQ-RIC:.STOXX50E_2024-05-10,double,4464.510343
4:AsianBasketOption,BlackScholes.Forward_EQ-RIC:.STOXX50E_2024-05-13,double,4465.871068
4:AsianBasketOption,BlackScholes.Forward_EQ-RIC:.STOXX50E_2024-05-14,double,4466.324735
4:AsianBasketOption,BlackScholes.Forward_EQ-RIC:.STOXX50E_2024-05-15,double,4466.778448
4:AsianBasketOption,BlackScholes.Forward_EQ-RIC:.STOXX50E_2024-05-16,double,4467.232207
4:AsianBasketOption,BlackScholes.Forward_EQ-RIC:.STOXX50E_2024-05-17,double,4467.686013
4:AsianBasketOption,BlackScholes.Forward_EQ-RIC:.STOXX50E_2024-05-20,double,4469.047705
4:AsianBasketOption,BlackScholes.Forward_EQ-RIC:.STOXX50E_2024-05-21,double,4469.501695
4:AsianBasketOption,BlackScholes.Forward_EQ-RIC:.STOXX50E_2024-05-22,double,4469.955731
4:AsianBasketOption,BlackScholes.Forward_EQ-RIC:.STOXX50E_2024-05-23,double,4470.409813
4:AsianBasketOption,BlackScholes.Forward_EQ-RIC:.STOXX50E_2024-05-24,double,4470.863941
4:AsianBasketOption,BlackScholes.Forward_EQ-RIC:.STOXX50E_2024-05-28,double,4472.680915
4:AsianBasketOption,BlackScholes.Forward_EQ-RIC:.STOXX50E_2024-05-29,double,4473.135274
4:AsianBasketOption,BlackScholes.Forward_EQ-RIC:.STOXX50E_2024-05-30,double,4473.589679
4:AsianBasketOption,BlackScholes.Forward_EQ-RIC:.STOXX50E_2024-05-31,double,4474.044130
4:AsianBasketOption,BlackScholes.Forward_EQ-RIC:.STOXX50E_2024-06-03,double,4475.407760
4:AsianBasketOption,BlackScholes.Forward_EQ-RIC:.STOXX50E_2024-06-04,double,4475.862396
4:AsianBasketOption,BlackScholes.Forward_EQ-RIC:.STOXX50E_2024-06-05,double,4476.317078
4:AsianBasketOption,BlackScholes.Forward_EQ-RIC:.STOXX50E_2024-06-06,double,4476.771806
4:AsianBasketOption,BlackScholes.Forward_EQ-RIC:.STOXX50E_2024-06-07,double,4477.226581
4:AsianBasketOption,BlackScholes.Forward_EQ-RIC:.STOXX50E_2024-06-10,double,4478.591181
4:AsianBasketOption,BlackScholes.Forward_EQ-RIC:.STOXX50E_2024-06-11,double,4479.046140
4:AsianBasketOption,BlackScholes.Forward_EQ-RIC:.STOXX50E_2024-06-12,double,4479.486499
4:AsianBasketOption,BlackScholes.Forward_EQ-RIC:.STOXX50E_2024-06-13,double,4479.926901
4:AsianBasketOption,BlackScholes.Forward_EQ-RIC:.STOXX50E_2024-06-14,double,4480.367346
4:AsianBasketOption,BlackScholes.Forward_EQ-RIC:.STOXX50E_2024-06-17,double,4481.688942
4:AsianBasketOption,BlackScholes.Forward_EQ-RIC:.STOXX50E_2024-06-18,double,4482.129560
4:AsianBasketOption,BlackScholes.Forward_EQ-RIC:.STOXX50E_2024-06-20,double,4483.010927
4:AsianBasketOption,BlackScholes.Forward_EQ-RIC:.STOXX50E_2024-06-21,double,4483.451676
4:AsianBasketOption,BlackScholes.Forward_EQ-RIC:.STOXX50E_2024-06-24,double,4484.774181
4:AsianBasketOption,BlackScholes.Forward_EQ-RIC:.STOXX50E_2024-06-25,double,4485.215103
4:AsianBasketOption,BlackScholes.Forward_EQ-RIC:.STOXX50E_2024-06-26,double,4485.656068
4:AsianBasketOption,BlackScholes.Forward_EQ-RIC:.STOXX50E_2024-06-27,double,4486.097077
4:AsianBasketOption,BlackScholes.Forward_EQ-RIC:.STOXX50E_2024-06-28,double,4486.538129
4:AsianBasketOption,BlackScholes.Forward_EQ-RIC:.STOXX50E_2024-07-01,double,4487.861544
4:AsianBasketOption,BlackScholes.Forward_EQ-RIC:.STOXX50E_2024-07-02,double,4488.302770
4:AsianBasketOption,BlackScholes.Forward_EQ-RIC:.STOXX50E_2024-07-03,double,4488.744038
4:AsianBasketOption,BlackScholes.Forward_EQ-RIC:.STOXX50E_2024-07-05,double,4489.626706
4:AsianBasketOption,BlackScholes.Forward_EQ-RIC:.STOXX50E_2024-07-08,double,4490.951033
4:AsianBasketOption,BlackScholes.Forward_EQ-RIC:.STOXX50E_2024-07-09,double,4491.392562
4:AsianBasketOption,BlackScholes.Forward_EQ-RIC:.STOXX50E_2024-07-10,double,4491.827010
4:AsianBasketOption,BlackScholes.Forward_EQ-RIC:.STOXX50E_2024-07-11,double,4492.261500
4:AsianBasketOption,BlackScholes.Forward_EQ-RIC:.STOXX50E_2024-07-12,double,4492.696033
4:AsianBasketOption,BlackScholes.Forward_EQ-RIC:.STOXX50E_2024-07-15,double,4493.999882
4:AsianBasketOption,BlackScholes.Forward_EQ-RIC:.STOXX50E_2024-07-16,double,4494.434582
4:AsianBasketOption,BlackScholes.Forward_EQ-RIC:.STOXX50E_2024-07-17,double,4494.869324
4:AsianBasketOption,BlackScholes.Forward_EQ-RIC:.STOXX50E_2024-07-18,double,4495.304109
4:AsianBasketOption,BlackScholes.Forward_EQ-RIC:.STOXX50E_2024-07-19,double,4495.738935
4:AsianBasketOption,BlackScholes.Forward_EQ-RIC:.STOXX50E_2024-07-22,double,4497.043667
4:AsianBasketOption,BlackScholes.Forward_EQ-RIC:.STOXX50E_2024-07-23,double,4497.478662
4:AsianBasketOption,BlackScholes.Forward_EQ-RIC:.STOXX50E_2024-07-24,double,4497.913699
4:AsianBasketOption,BlackScholes.Forward_EQ-RIC:.STOXX50E_2024-07-25,double,4498.348778
4:AsianBasketOption,BlackScholes.Forward_EQ-RIC:.STOXX50E_2024-07-26,double,4498.783899
4:AsianBasketOption,BlackScholes.Forward_EQ-RIC:.STOXX50E_2024-07-29,double,4500.089515
4:AsianBasketOption,BlackScholes.Forward_EQ-RIC:.STOXX50E_2024-07-30,double,4500.524804
4:AsianBasketOption,BlackScholes.Forward_EQ-RIC:.STOXX50E_2024-07-31,double,4500.960136
4:AsianBasketOption,BlackScholes.Forward_EQ-RIC:.STOXX50E_2024-08-01,double,4501.395509
4:AsianBasketOption,BlackScholes.Forward_EQ-RIC:.STOXX50E_2024-08-02,double,4501.830925
4:AsianBasketOption,BlackScholes.Forward_EQ-RIC:.STOXX50E_2024-08-05,double,4503.137425
4:AsianBasketOption,BlackScholes.Forward_EQ-RIC:.STOXX50E_2024-08-06,double,4503.573009
4:AsianBasketOption,BlackScholes.Forward_EQ-RIC:.STOXX50E_2024-08-07,double,4504.008636
4:AsianBasketOption,BlackScholes.Forward_EQ-RIC:.STOXX50E_2024-08-08,double,4504.444304
4:AsianBasketOption,BlackScholes.Forward_EQ-RIC:.STOXX50E_2024-08-09,double,4504.880015
4:AsianBasketOption,BlackScholes.Forward_EQ-RIC:.STOXX50E_2024-08-12,double,4506.131711
4:AsianBasketOption,BlackScholes.Forward_EQ-RIC:.STOXX50E_2024-08-13,double,4506.549020
4:AsianBasketOption,BlackScholes.Forward_EQ-RIC:.STOXX50E_2024-08-14,double,4506.966368
4:AsianBasketOption,BlackScholes.Forward_EQ-RIC:.STOXX50E_2024-08-15,double,4507.383755
4:AsianBasketOption,BlackScholes.Forward_EQ-RIC:.STOXX50E_2024-08-16,double,4507.801180
4:AsianBasketOption,BlackScholes.Forward_EQ-RIC:.STOXX50E_2024-08-19,double,4509.053688
4:AsianBasketOption,BlackScholes.Forward_EQ-RIC:.STOXX50E_2024-08-20,double,4509.471268
4:AsianBasketOption,BlackScholes.Forward_EQ-RIC:.STOXX50E_2024-08-21,double,4509.888886
4:AsianBasketOption,BlackScholes.Forward_EQ-RIC:.STOXX50E_2024-08-22,double,4510.306543
4:AsianBasketOption,BlackScholes.Forward_EQ-RIC:.STOXX50E_2024-08-23,double,4510.724239
4:AsianBasketOption,BlackScholes.Forward_EQ-RIC:.STOXX50E_2024-08-26,double,4511.977559
4:AsianBasketOption,BlackScholes.Forward_EQ-RIC:.STOXX50E_2024-08-27,double,4512.395410
4:AsianBasketOption,BlackScholes.Forward_EQ-RIC:.STOXX50E_2024-08-28,double,4512.813299
4:AsianBasketOption,BlackScholes.Forward_EQ-RIC:.STOXX50E_2024-08-29,double,4513.231227
4:AsianBasketOption,BlackScholes.Forward_EQ-RIC:.STOXX50E_2024-08-30,double,4513.649194
4:AsianBasketOption,BlackScholes.Forward_EQ-RIC:.STOXX50E_2024-09-03,double,4515.321448
4:AsianBasketOption,BlackScholes.Forward_EQ-RIC:.STOXX50E_2024-09-04,double,4515.739609
4:AsianBasketOption,BlackScholes.Forward_EQ-RIC:.STOXX50E_2024-09-05,double,4516.157808
4:AsianBasketOption,BlackScholes.Forward_EQ-RIC:.STOXX50E_2024-09-06,double,4516.576045
4:AsianBasketOption,BlackScholes.Forward_EQ-RIC:.STOXX50E_2024-09-09,double,4517.830991
4:AsianBasketOption,BlackScholes.Forward_EQ-RIC:.STOXX50E_2024-09-10,double,4518.249384
4:AsianBasketOption,BlackScholes.Forward_EQ-RIC:.STOXX50E_2024-09-11,double,4518.667816
4:AsianBasketOption,BlackScholes.Forward_EQ-RIC:.STOXX50E_2024-09-12,double,4519.086286
4:AsianBasketOption,BlackScholes.Forward_EQ-RIC:.STOXX50E_2024-09-13,double,4519.504795
4:AsianBasketOption,BlackScholes.Forward_EQ-RIC:.STOXX50E_2024-09-16,double,4520.760554
4:AsianBasketOption,BlackScholes.Forward_EQ-RIC:.STOXX50E_2024-09-17,double,4521.179218
4:AsianBasketOption,BlackScholes.Forward_EQ-RIC:.STOXX50E_2024-09-18,double,4521.597921
4:AsianBasketOption,BlackScholes.Forward_EQ-RIC:.STOXX50E_2024-09-19,double,4522.016663
4:AsianBasketOption,BlackScholes.Forward_EQ-RIC:.STOXX50E_2024-09-20,double,4522.435443
4:AsianBasketOption,BlackScholes.Forward_EQ-RIC:.STOXX50E_2024-09-23,double,4523.692017
4:AsianBasketOption,BlackScholes.Forward_EQ-RIC:.STOXX50E_2024-09-24,double,4524.110953
4:AsianBasketOption,BlackScholes.Forward_EQ-RIC:.STOXX50E_2024-09-25,double,4524.529927
4:AsianBasketOption,BlackScholes.Forward_EQ-RIC:.STOXX50E_2024-09-26,double,4524.948940
4:AsianBasketOption,BlackScholes.Forward_EQ-RIC:.STOXX50E_2024-09-27,double,4525.367992
4:AsianBasketOption,BlackScholes.Forward_EQ-RIC:.STOXX50E_2024-09-30,double,4526.625381
4:AsianBasketOption,BlackScholes.Forward_EQ-RIC:.STOXX50E_2024-10-01,double,4527.044588
4:AsianBasketOption,BlackScholes.Forward_EQ-RIC:.STOXX50E_2024-10-02,double,4527.463834
4:AsianBasketOption,BlackScholes.Forward_EQ-RIC:.STOXX50E_2024-10-03,double,4527.883119
4:AsianBasketOption,BlackScholes.Forward_EQ-RIC:.STOXX50E_2024-10-04,double,4528.302443
4:AsianBasketOption,BlackScholes.Forward_EQ-RIC:.STOXX50E_2024-10-07,double,4529.560647
4:AsianBasketOption,BlackScholes.Forward_EQ-RIC:.STOXX50E_2024-10-08,double,4529.980126
4:AsianBasketOption,BlackScholes.Forward_EQ-RIC:.STOXX50E_2024-10-09,double,4530.399644
4:AsianBasketOption,BlackScholes.Forward_EQ-RIC:.STOXX50E_2024-10-10,double,4530.819200
4:AsianBasketOption,BlackScholes.Forward_EQ-RIC:.STOXX50E_2024-10-11,double,4531.238796
4:AsianBasketOption,BlackScholes.Forward_EQ-RIC:.STOXX50E_2024-10-15,double,4532.917567
4:AsianBasketOption,BlackScholes.Volatility_EQ-RIC:.SPX_2023-10-16,double,0.131068
4:AsianBasketOption,BlackScholes.Volatility_EQ-RIC:.SPX_2023-10-17,double,0.131114
4:AsianBasketOption,BlackScholes.Volatility_EQ-RIC:.SPX_2023-10-18,double,0.131157
4:AsianBasketOption,BlackScholes.Volatility_EQ-RIC:.SPX_2023-10-19,double,0.131197
4:AsianBasketOption,BlackScholes.Volatility_EQ-RIC:.SPX_2023-10-20,double,0.131224
4:AsianBasketOption,BlackScholes.Volatility_EQ-RIC:.SPX_2023-10-23,double,0.131542
4:AsianBasketOption,BlackScholes.Volatility_EQ-RIC:.SPX_2023-10-24,double,0.131639
4:AsianBasketOption,BlackScholes.Volatility_EQ-RIC:.SPX_2023-10-25,double,0.131732
4:AsianBasketOption,BlackScholes.Volatility_EQ-RIC:.SPX_2023-10-26,double,0.131821
4:AsianBasketOption,BlackScholes.Volatility_EQ-RIC:.SPX_2023-10-27,double,0.131907
4:AsianBasketOption,BlackScholes.Volatility_EQ-RIC:.SPX_2023-10-30,double,0.132155
4:AsianBasketOption,BlackScholes.Volatility_EQ-RIC:.SPX_2023-10-31,double,0.132233
4:AsianBasketOption,BlackScholes.Volatility_EQ-RIC:.SPX_2023-11-01,double,0.132436
4:AsianBasketOption,BlackScholes.Volatility_EQ-RIC:.SPX_2023-11-02,double,0.132632
4:AsianBasketOption,BlackScholes.Volatility_EQ-RIC:.SPX_2023-11-03,double,0.132823
4:AsianBasketOption,BlackScholes.Volatility_EQ-RIC:.SPX_2023-11-06,double,0.133362
4:AsianBasketOption,BlackScholes.Volatility_EQ-RIC:.SPX_2023-11-07,double,0.133532
4:AsianBasketOption,BlackScholes.Volatility_EQ-RIC:.SPX_2023-11-08,double,0.133698
4:AsianBasketOption,BlackScholes.Volatility_EQ-RIC:.SPX_2023-11-09,double,0.133859
4:AsianBasketOption,BlackScholes.Volatility_EQ-RIC:.SPX_2023-11-13,double,0.134448
4:AsianBasketOption,BlackScholes.Volatility_EQ-RIC:.SPX_2023-11-14,double,0.134584
4:AsianBasketOption,BlackScholes.Volatility_EQ-RIC:.SPX_2023-11-15,double,0.134715
4:AsianBasketOption,BlackScholes.Volatility_EQ-RIC:.SPX_2023-11-16,double,0.134840
4:AsianBasketOption,BlackScholes.Volatility_EQ-RIC:.SPX_2023-11-17,double,0.134962
4:AsianBasketOption,BlackScholes.Volatility_EQ-RIC:.SPX_2023-11-20,double,0.135160
4:AsianBasketOption,BlackScholes.Volatility_EQ-RIC:.SPX_2023-11-21,double,0.135221
4:AsianBasketOption,BlackScholes.Volatility_EQ-RIC:.SPX_2023-11-22,double,0.135279
4:AsianBasketOption,BlackScholes.Volatility_EQ-RIC:.SPX_2023-11-24,double,0.135390
4:AsianBasketOption,BlackScholes.Volatility_EQ-RIC:.SPX_2023-11-27,double,0.135544
4:AsianBasketOption,BlackScholes.Volatility_EQ-RIC:.SPX_2023-11-28,double,0.135593
4:AsianBasketOption,BlackScholes.Volatility_EQ-RIC:.SPX_2023-11-29,double,0.135641
4:AsianBasketOption,BlackScholes.Volatility_EQ-RIC:.SPX_2023-11-30,double,0.135687
4:AsianBasketOption,BlackScholes.Volatility_EQ-RIC:.SPX_2023-12-01,double,0.135868
4:AsianBasketOption,BlackScholes.Volatility_EQ-RIC:.SPX_2023-12-04,double,0.136382
4:AsianBasketOption,BlackScholes.Volatility_EQ-RIC:.SPX_2023-12-05,double,0.136545
4:AsianBasketOption,BlackScholes.Volatility_EQ-RIC:.SPX_2023-12-06,double,0.136705
4:AsianBasketOption,BlackScholes.Volatility_EQ-RIC:.SPX_2023-12-07,double,0.136860
4:AsianBasketOption,BlackScholes.Volatility_EQ-RIC:.SPX_2023-12-08,double,0.137011
4:AsianBasketOption,BlackScholes.Volatility_EQ-RIC:.SPX_2023-12-11,double,0.137443
4:AsianBasketOption,BlackScholes.Volatility_EQ-RIC:.SPX_2023-12-12,double,0.137580
4:AsianBasketOption,BlackScholes.Volatility_EQ-RIC:.SPX_2023-12-13,double,0.137713
4:AsianBasketOption,BlackScholes.Volatility_EQ-RIC:.SPX_2023-12-14,double,0.137844
4:AsianBasketOption,BlackScholes.Volatility_EQ-RIC:.SPX_2023-12-15,double,0.137971
4:AsianBasketOption,BlackScholes.Volatility_EQ-RIC:.SPX_2023-12-18,double,0.138232
4:AsianBasketOption,BlackScholes.Volatility_EQ-RIC:.SPX_2023-12-19,double,0.138313
4:AsianBasketOption,BlackScholes.Volatility_EQ-RIC:.SPX_2023-12-20,double,0.138393
4:AsianBasketOption,BlackScholes.Volatility_EQ-RIC:.SPX_2023-12-21,double,0.138470
4:AsianBasketOption,BlackScholes.Volatility_EQ-RIC:.SPX_2023-12-22,double,0.138544
4:AsianBasketOption,BlackScholes.Volatility_EQ-RIC:.SPX_2023-12-26,double,0.138813
4:AsianBasketOption,BlackScholes.Volatility_EQ-RIC:.SPX_2023-12-27,double,0.138875
4:AsianBasketOption,BlackScholes.Volatility_EQ-RIC:.SPX_2023-12-28,double,0.139017
4:AsianBasketOption,BlackScholes.Volatility_EQ-RIC:.SPX_2023-12-29,double,0.139170
4:AsianBasketOption,BlackScholes.Volatility_EQ-RIC:.SPX_2024-01-02,double,0.139515
4:AsianBasketOption,BlackScholes.Volatility_EQ-RIC:.SPX_2024-01-03,double,0.139598
4:AsianBasketOption,BlackScholes.Volatility_EQ-RIC:.SPX_2024-01-04,double,0.139680
4:AsianBasketOption,BlackScholes.Volatility_EQ-RIC:.SPX_2024-01-05,double,0.139761
4:AsianBasketOption,BlackScholes.Volatility_EQ-RIC:.SPX_2024-01-08,double,0.139997
4:AsianBasketOption,BlackScholes.Volatility_EQ-RIC:.SPX_2024-01-09,double,0.140074
4:AsianBasketOption,BlackScholes.Volatility_EQ-RIC:.SPX_2024-01-10,double,0.140150
4:AsianBasketOption,BlackScholes.Volatility_EQ-RIC:.SPX_2024-01-11,double,0.140224
4:AsianBasketOption,BlackScholes.Volatility_EQ-RIC:.SPX_2024-01-12,double,0.140298
4:AsianBasketOption,BlackScholes.Volatility_EQ-RIC:.SPX_2024-01-16,double,0.140583
4:AsianBasketOption,BlackScholes.Volatility_EQ-RIC:.SPX_2024-01-17,double,0.140652
4:AsianBasketOption,BlackScholes.Volatility_EQ-RIC:.SPX_2024-01-18,double,0.140720
4:AsianBasketOption,BlackScholes.Volatility_EQ-RIC:.SPX_2024-01-19,double,0.140787
4:AsianBasketOption,BlackScholes.Volatility_EQ-RIC:.SPX_2024-01-22,double,0.141455
4:AsianBasketOption,BlackScholes.Volatility_EQ-RIC:.SPX_2024-01-23,double,0.141672
4:AsianBasketOption,BlackScholes.Volatility_EQ-RIC:.SPX_2024-01-24,double,0.141885
4:AsianBasketOption,BlackScholes.Volatility_EQ-RIC:.SPX_2024-01-25,double,0.142096
4:AsianBasketOption,BlackScholes.Volatility_EQ-RIC:.SPX_2024-01-26,double,0.142305
4:AsianBasketOption,BlackScholes.Volatility_EQ-RIC:.SPX_2024-01-29,double,0.142913
4:AsianBasketOption,BlackScholes.Volatility_EQ-RIC:.SPX_2024-01-30,double,0.143111
4:AsianBasketOption,BlackScholes.Volatility_EQ-RIC:.SPX_2024-01-31,double,0.143306
4:AsianBasketOption,BlackScholes.Volatility_EQ-RIC:.SPX_2024-02-01,double,0.143471
4:AsianBasketOption,BlackScholes.Volatility_EQ-RIC:.SPX_2024-02-02,double,0.143634
4:AsianBasketOption,BlackScholes.Volatility_EQ-RIC:.SPX_2024-02-05,double,0.144110
4:AsianBasketOption,BlackScholes.Volatility_EQ-RIC:.SPX_2024-02-06,double,0.144264
4:AsianBasketOption,BlackScholes.Volatility_EQ-RIC:.SPX_2024-02-07,double,0.144417
4:AsianBasketOption,BlackScholes.Volatility_EQ-RIC:.SPX_2024-02-08,double,0.144569
4:AsianBasketOption,BlackScholes.Volatility_EQ-RIC:.SPX_2024-02-09,double,0.144718
4:AsianBasketOption,BlackScholes.Volatility_EQ-RIC:.SPX_2024-02-12,double,0.145156
4:AsianBasketOption,BlackScholes.Volatility_EQ-RIC:.SPX_2024-02-13,double,0.145298
4:AsianBasketOption,BlackScholes.Volatility_EQ-RIC:.SPX_2024-02-14,double,0.145439
4:AsianBasketOption,BlackScholes.Volatility_EQ-RIC:.SPX_2024-02-15,double,0.145579
4:AsianBasketOption,BlackScholes.Volatility_EQ-RIC:.SPX_2024-02-16,double,0.145717
4:AsianBasketOption,BlackScholes.Volatility_EQ-RIC:.SPX_2024-02-20,double,0.146379
4:AsianBasketOption,BlackScholes.Volatility_EQ-RIC:.SPX_2024-02-21,double,0.146541
4:AsianBasketOption,BlackScholes.Volatility_EQ-RIC:.SPX_2024-02-22,double,0.146700
4:AsianBasketOption,BlackScholes.Volatility_EQ-RIC:.SPX_2024-02-23,double,0.146857
4:AsianBasketOption,BlackScholes.Volatility_EQ-RIC:.SPX_2024-02-26,double,0.147320
4:AsianBasketOption,BlackScholes.Volatility_EQ-RIC:.SPX_2024-02-27,double,0.147471
4:AsianBasketOption,BlackScholes.Volatility_EQ-RIC:.SPX_2024-02-28,double,0.147620
4:AsianBasketOption,BlackScholes.Volatility_EQ-RIC:.SPX_2024-02-29,double,0.147767
4:AsianBasketOption,BlackScholes.Volatility_EQ-RIC:.SPX_2024-03-01,double,0.147913
4:AsianBasketOption,BlackScholes.Volatility_EQ-RIC:.SPX_2024-03-04,double,0.148342
4:AsianBasketOption,BlackScholes.Volatility_EQ-RIC:.SPX_2024-03-05,double,0.148482
4:AsianBasketOption,BlackScholes.Volatility_EQ-RIC:.SPX_2024-03-06,double,0.148620
4:AsianBasketOption,BlackScholes.Volatility_EQ-RIC:.SPX_2024-03-07,double,0.148757
4:AsianBasketOption,BlackScholes.Volatility_EQ-RIC:.SPX_2024-03-08,double,0.148893
4:AsianBasketOption,BlackScholes.Volatility_EQ-RIC:.SPX_2024-03-11,double,0.149292
4:AsianBasketOption,BlackScholes.Volatility_EQ-RIC:.SPX_2024-03-12,double,0.149422
4:AsianBasketOption,BlackScholes.Volatility_EQ-RIC:.SPX_2024-03-13,double,0.149551
4:AsianBasketOption,BlackScholes.Volatility_EQ-RIC:.SPX_2024-03-14,double,0.149679
4:AsianBasketOption,BlackScholes.Volatility_EQ-RIC:.SPX_2024-03-15,double,0.149805
4:AsianBasketOption,BlackScholes.Volatility_EQ-RIC:.SPX_2024-03-18,double,0.150307
4:AsianBasketOption,BlackScholes.Volatility_EQ-RIC:.SPX_2024-03-19,double,0.150470
4:AsianBasketOption,BlackScholes.Volatility_EQ-RIC:.SPX_2024-03-20,double,0.150633
4:AsianBasketOption,BlackScholes.Volatility_EQ-RIC:.SPX_2024-03-21,double,0.150793
4:AsianBasketOption,BlackScholes.Volatility_EQ-RIC:.SPX_2024-03-22,double,0.150952
4:AsianBasketOption,BlackScholes.Volatility_EQ-RIC:.SPX_2024-03-25,double,0.151420
4:AsianBasketOption,BlackScholes.Volatility_EQ-RIC:.SPX_2024-03-26,double,0.151573
4:AsianBasketOption,BlackScholes.Volatility_EQ-RIC:.SPX_2024-03-27,double,0.151724
4:AsianBasketOption,BlackScholes.Volatility_EQ-RIC:.SPX_2024-03-28,double,0.151874
4:AsianBasketOption,BlackScholes.Volatility_EQ-RIC:.SPX_2024-03-29,double,0.151982
4:AsianBasketOption,BlackScholes.Volatility_EQ-RIC:.SPX_2024-04-01,double,0.152297
4:AsianBasketOption,BlackScholes.Volatility_EQ-RIC:.SPX_2024-04-02,double,0.152401
4:AsianBasketOption,BlackScholes.Volatility_EQ-RIC:.SPX_2024-04-03,double,0.152503
4:AsianBasketOption,BlackScholes.Volatility_EQ-RIC:.SPX_2024-04-04,double,0.152605
4:AsianBasketOption,BlackScholes.Volatility_EQ-RIC:.SPX_2024-04-05,double,0.152705
4:AsianBasketOption,BlackScholes.Volatility_EQ-RIC:.SPX_2024-04-08,double,0.153002
4:AsianBasketOption,BlackScholes.Volatility_EQ-RIC:.SPX_2024-04-09,double,0.153099
4:AsianBasketOption,BlackScholes.Volatility_EQ-RIC:.SPX_2024-04-10,double,0.153195
4:AsianBasketOption,BlackScholes.Volatility_EQ-RIC:.SPX_2024-04-11,double,0.153291
4:AsianBasketOption,BlackScholes.Volatility_EQ-RIC:.SPX_2024-04-12,double,0.153385
4:AsianBasketOption,BlackScholes.Volatility_EQ-RIC:.SPX_2024-04-15,double,0.153664
4:AsianBasketOption,BlackScholes.Volatility_EQ-RIC:.SPX_2024-04-16,double,0.153756
4:AsianBasketOption,BlackScholes.Volatility_EQ-RIC:.SPX_2024-04-17,double,0.153846
4:AsianBasketOption,BlackScholes.Volatility_EQ-RIC:.SPX_2024-04-18,double,0.153936
4:AsianBasketOption,BlackScholes.Volatility_EQ-RIC:.SPX_2024-04-19,double,0.154025
4:AsianBasketOption,BlackScholes.Volatility_EQ-RIC:.SPX_2024-04-22,double,0.154424
4:AsianBasketOption,BlackScholes.Volatility_EQ-RIC:.SPX_2024-04-23,double,0.154555
4:AsianBasketOption,BlackScholes.Volatility_EQ-RIC:.SPX_2024-04-24,double,0.154684
4:AsianBasketOption,BlackScholes.Volatility_EQ-RIC:.SPX_2024-04-25,double,0.154813
4:AsianBasketOption,BlackScholes.Volatility_EQ-RIC:.SPX_2024-04-26,double,0.154940
4:AsianBasketOption,BlackScholes.Volatility_EQ-RIC:.SPX_2024-04-29,double,0.155316
4:AsianBasketOption,BlackScholes.Volatility_EQ-RIC:.SPX_2024-04-30,double,0.155439
4:AsianBasketOption,BlackScholes.Volatility_EQ-RIC:.SPX_2024-05-01,double,0.155561
4:AsianBasketOption,BlackScholes.Volatility_EQ-RIC:.SPX_2024-05-02,double,0.155682
4:AsianBasketOption,BlackScholes.Volatility_EQ-RIC:.SPX_2024-05-03,double,0.155802
4:AsianBasketOption,BlackScholes.Volatility_EQ-RIC:.SPX_2024-05-06,double,0.156157
4:AsianBasketOption,BlackScholes.Volatility_EQ-RIC:.SPX_2024-05-07,double,0.156273
4:AsianBasketOption,BlackScholes.Volatility_EQ-RIC:.SPX_2024-05-08,double,0.156389
4:AsianBasketOption,BlackScholes.Volatility_EQ-RIC:.SPX_2024-05-09,double,0.156503
4:AsianBasketOption,BlackScholes.Volatility_EQ-RIC:.SPX_2024-05-10,double,0.156617
4:AsianBasketOption,BlackScholes.Volatility_EQ-RIC:.SPX_2024-05-13,double,0.156952
4:AsianBasketOption,BlackScholes.Volatility_EQ-RIC:.SPX_2024-05-14,double,0.157062
4:AsianBasketOption,BlackScholes.Volatility_EQ-RIC:.SPX_2024-05-15,double,0.157171
4:AsianBasketOption,BlackScholes.Volatility_EQ-RIC:.SPX_2024-05-16,double,0.157280
4:AsianBasketOption,BlackScholes.Volatility_EQ-RIC:.SPX_2024-05-17,double,0.157387
4:AsianBasketOption,BlackScholes.Volatility_EQ-RIC:.SPX_2024-05-20,double,0.157707
4:AsianBasketOption,BlackScholes.Volatility_EQ-RIC:.SPX_2024-05-21,double,0.157811
4:AsianBasketOption,BlackScholes.Volatility_EQ-RIC:.SPX_2024-05-22,double,0.157915
4:AsianBasketOption,BlackScholes.Volatility_EQ-RIC:.SPX_2024-05-23,double,0.158019
4:AsianBasketOption,BlackScholes.Volatility_EQ-RIC:.SPX_2024-05-24,double,0.158121
4:AsianBasketOption,BlackScholes.Volatility_EQ-RIC:.SPX_2024-05-28,double,0.158524
4:AsianBasketOption,BlackScholes.Volatility_EQ-RIC:.SPX_2024-05-29,double,0.158622
4:AsianBasketOption,BlackScholes.Volatility_EQ-RIC:.SPX_2024-05-30,double,0.158720
4:AsianBasketOption,BlackScholes.Volatility_EQ-RIC:.SPX_2024-05-31,double,0.158818
4:AsianBasketOption,BlackScholes.Volatility_EQ-RIC:.SPX_2024-06-03,double,0.159105
4:AsianBasketOption,BlackScholes.Volatility_EQ-RIC:.SPX_2024-06-04,double,0.159200
4:AsianBasketOption,BlackScholes.Volatility_EQ-RIC:.SPX_2024-06-05,double,0.159294
4:AsianBasketOption,BlackScholes.Volatility_EQ-RIC:.SPX_2024-06-06,double,0.159387
4:AsianBasketOption,BlackScholes.Volatility_EQ-RIC:.SPX_2024-06-07,double,0.159479
4:AsianBasketOption,BlackScholes.Volatility_EQ-RIC:.SPX_2024-06-10,double,0.159753
4:AsianBasketOption,BlackScholes.Volatility_EQ-RIC:.SPX_2024-06-11,double,0.159843
4:AsianBasketOption,BlackScholes.Volatility_EQ-RIC:.SPX_2024-06-12,double,0.159932
4:AsianBasketOption,BlackScholes.Volatility_EQ-RIC:.SPX_2024-06-13,double,0.160021
4:AsianBasketOption,BlackScholes.Volatility_EQ-RIC:.SPX_2024-06-14,double,0.160109
4:AsianBasketOption,BlackScholes.Volatility_EQ-RIC:.SPX_2024-06-17,double,0.160369
4:AsianBasketOption,BlackScholes.Volatility_EQ-RIC:.SPX_2024-06-18,double,0.160455
4:AsianBasketOption,BlackScholes.Volatility_EQ-RIC:.SPX_2024-06-20,double,0.160624
4:AsianBasketOption,BlackScholes.Volatility_EQ-RIC:.SPX_2024-06-21,double,0.160708
4:AsianBasketOption,BlackScholes.Volatility_EQ-RIC:.SPX_2024-06-24,double,0.161076
4:AsianBasketOption,BlackScholes.Volatility_EQ-RIC:.SPX_2024-06-25,double,0.161196
4:AsianBasketOption,BlackScholes.Volatility_EQ-RIC:.SPX_2024-06-26,double,0.161316
4:AsianBasketOption,BlackScholes.Volatility_EQ-RIC:.SPX_2024-06-27,double,0.161436
4:AsianBasketOption,BlackScholes.Volatility_EQ-RIC:.SPX_2024-06-28,double,0.161554
4:AsianBasketOption,BlackScholes.Volatility_EQ-RIC:.SPX_2024-07-01,double,0.161763
4:AsianBasketOption,BlackScholes.Volatility_EQ-RIC:.SPX_2024-07-02,double,0.161832
4:AsianBasketOption,BlackScholes.Volatility_EQ-RIC:.SPX_2024-07-03,double,0.161900
4:AsianBasketOption,BlackScholes.Volatility_EQ-RIC:.SPX_2024-07-05,double,0.162036
4:AsianBasketOption,BlackScholes.Volatility_EQ-RIC:.SPX_2024-07-08,double,0.162236
4:AsianBasketOption,BlackScholes.Volatility_EQ-RIC:.SPX_2024-07-09,double,0.162302
4:AsianBasketOption,BlackScholes.Volatility_EQ-RIC:.SPX_2024-07-10,double,0.162367
4:AsianBasketOption,BlackScholes.Volatility_EQ-RIC:.SPX_2024-07-11,double,0.162432
4:AsianBasketOption,BlackScholes.Volatility_EQ-RIC:.SPX_2024-07-12,double,0.162497
4:AsianBasketOption,BlackScholes.Volatility_EQ-RIC:.SPX_2024-07-15,double,0.162688
4:AsianBasketOption,BlackScholes.Volatility_EQ-RIC:.SPX_2024-07-16,double,0.162751
4:AsianBasketOption,BlackScholes.Volatility_EQ-RIC:.SPX_2024-07-17,double,0.162814
4:AsianBasketOption,BlackScholes.Volatility_EQ-RIC:.SPX_2024-07-18,double,0.162876
4:AsianBasketOption,BlackScholes.Volatility_EQ-RIC:.SPX_2024-07-19,double,0.162938
4:AsianBasketOption,BlackScholes.Volatility_EQ-RIC:.SPX_2024-07-22,double,0.163228
4:AsianBasketOption,BlackScholes.Volatility_EQ-RIC:.SPX_2024-07-23,double,0.163323
4:AsianBasketOption,BlackScholes.Volatility_EQ-RIC:.SPX_2024-07-24,double,0.163418
4:AsianBasketOption,BlackScholes.Volatility_EQ-RIC:.SPX_2024-07-25,double,0.163512
4:AsianBasketOption,BlackScholes.Volatility_EQ-RIC:.SPX_2024-07-26,double,0.163606
4:AsianBasketOption,BlackScholes.Volatility_EQ-RIC:.SPX_2024-07-29,double,0.163884
4:AsianBasketOption,BlackScholes.Volatility_EQ-RIC:.SPX_2024-07-30,double,0.163975
4:AsianBasketOption,BlackScholes.Volatility_EQ-RIC:.SPX_2024-07-31,double,0.164066
4:AsianBasketOption,BlackScholes.Volatility_EQ-RIC:.SPX_2024-08-01,double,0.164157
4:AsianBasketOption,BlackScholes.Volatility_EQ-RIC:.SPX_2024-08-02,double,0.164246
4:AsianBasketOption,BlackScholes.Volatility_EQ-RIC:.SPX_2024-08-05,double,0.164512
4:AsianBasketOption,BlackScholes.Volatility_EQ-RIC:.SPX_2024-08-06,double,0.164600
4:AsianBasketOption,BlackScholes.Volatility_EQ-RIC:.SPX_2024-08-07,double,0.164687
4:AsianBasketOption,BlackScholes.Volatility_EQ-RIC:.SPX_2024-08-08,double,0.164774
4:AsianBasketOption,BlackScholes.Volatility_EQ-RIC:.SPX_2024-08-09,double,0.164860
4:AsianBasketOption,BlackScholes.Volatility_EQ-RIC:.SPX_2024-08-12,double,0.165115
4:AsianBasketOption,BlackScholes.Volatility_EQ-RIC:.SPX_2024-08-13,double,0.165199
4:AsianBasketOption,BlackScholes.Volatility_EQ-RIC:.SPX_2024-08-14,double,0.165282
4:AsianBasketOption,BlackScholes.Volatility_EQ-RIC:.SPX_2024-08-15,double,0.165366
4:AsianBasketOption,BlackScholes.Volatility_EQ-RIC:.SPX_2024-08-16,double,0.165448
4:AsianBasketOption,BlackScholes.Volatility_EQ-RIC:.SPX_2024-08-19,double,0.165673
4:AsianBasketOption,BlackScholes.Volatility_EQ-RIC:.SPX_2024-08-20,double,0.165748
4:AsianBasketOption,BlackScholes.Volatility_EQ-RIC:.SPX_2024-08-21,double,0.165821
4:AsianBasketOption,BlackScholes.Volatility_EQ-RIC:.SPX_2024-08-22,double,0.165895
4:AsianBasketOption,BlackScholes.Volatility_EQ-RIC:.SPX_2024-08-23,double,0.165968
4:AsianBasketOption,BlackScholes.Volatility_EQ-RIC:.SPX_2024-08-26,double,0.166184
4:AsianBasketOption,BlackScholes.Volatility_EQ-RIC:.SPX_2024-08-27,double,0.166255
4:AsianBasketOption,BlackScholes.Volatility_EQ-RIC:.SPX_2024-08-28,double,0.166326
4:AsianBasketOption,BlackScholes.Volatility_EQ-RIC:.SPX_2024-08-29,double,0.166397
4:AsianBasketOption,BlackScholes.Volatility_EQ-RIC:.SPX_2024-08-30,double,0.166467
4:AsianBasketOption,BlackScholes.Volatility_EQ-RIC:.SPX_2024-09-03,double,0.166744
4:AsianBasketOption,BlackScholes.Volatility_EQ-RIC:.SPX_2024-09-04,double,0.166812
4:AsianBasketOption,BlackScholes.Volatility_EQ-RIC:.SPX_2024-09-05,double,0.166880
4:AsianBasketOption,BlackScholes.Volatility_EQ-RIC:.SPX_2024-09-06,double,0.166947
4:AsianBasketOption,BlackScholes.Volatility_EQ-RIC:.SPX_2024-09-09,double,0.167147
4:AsianBasketOption,BlackScholes.Volatility_EQ-RIC:.SPX_2024-09-10,double,0.167213
4:AsianBasketOption,BlackScholes.Volatility_EQ-RIC:.SPX_2024-09-11,double,0.167279
4:AsianBasketOption,BlackScholes.Volatility_EQ-RIC:.SPX_2024-09-12,double,0.167344
4:AsianBasketOption,BlackScholes.Volatility_EQ-RIC:.SPX_2024-09-13,double,0.167409
4:AsianBasketOption,BlackScholes.Volatility_EQ-RIC:.SPX_2024-09-16,double,0.167602
4:AsianBasketOption,BlackScholes.Volatility_EQ-RIC:.SPX_2024-09-17,double,0.167666
4:AsianBasketOption,BlackScholes.Volatility_EQ-RIC:.SPX_2024-09-18,double,0.167729
4:AsianBasketOption,BlackScholes.Volatility_EQ-RIC:.SPX_2024-09-19,double,0.167792
4:AsianBasketOption,BlackScholes.Volatility_EQ-RIC:.SPX_2024-09-20,double,0.167855
4:AsianBasketOption,BlackScholes.Volatility_EQ-RIC:.SPX_2024-09-23,double,0.168122
4:AsianBasketOption,BlackScholes.Volatility_EQ-RIC:.SPX_2024-09-24,double,0.168210
4:AsianBasketOption,BlackScholes.Volatility_EQ-RIC:.SPX_2024-09-25,double,0.168297
4:AsianBasketOption,BlackScholes.Volatility_EQ-RIC:.SPX_2024-09-26,double,0.168384
4:AsianBasketOption,BlackScholes.Volatility_EQ-RIC:.SPX_2024-09-27,double,0.168471
4:AsianBasketOption,BlackScholes.Volatility_EQ-RIC:.SPX_2024-09-30,double,0.168728
4:AsianBasketOption,BlackScholes.Volatility_EQ-RIC:.SPX_2024-10-01,double,0.168813
4:AsianBasketOption,BlackScholes.Volatility_EQ-RIC:.SPX_2024-10-02,double,0.168898
4:AsianBasketOption,BlackScholes.Volatility_EQ-RIC:.SPX_2024-10-03,double,0.168982
4:AsianBasketOption,BlackScholes.Volatility_EQ-RIC:.SPX_2024-10-04,double,0.169065
4:AsianBasketOption,BlackScholes.Volatility_EQ-RIC:.SPX_2024-10-07,double,0.169313
4:AsianBasketOption,BlackScholes.Volatility_EQ-RIC:.SPX_2024-10-08,double,0.169395
4:AsianBasketOption,BlackScholes.Volatility_EQ-RIC:.SPX_2024-10-09,double,0.169476
4:AsianBasketOption,BlackScholes.Volatility_EQ-RIC:.SPX_2024-10-10,double,0.169557
4:AsianBasketOption,BlackScholes.Volatility_EQ-RIC:.SPX_2024-10-11,double,0.169638
4:AsianBasketOption,BlackScholes.Volatility_EQ-RIC:.SPX_2024-10-15,double,0.169956
4:AsianBasketOption,BlackScholes.Volatility_EQ-RIC:.STOXX50E_2023-10-16,double,0.155397
4:AsianBasketOption,BlackScholes.Volatility_EQ-RIC:.STOXX50E_2023-10-17,double,0.155293
4:AsianBasketOption,BlackScholes.Volatility_EQ-RIC:.STOXX50E_2023-10-18,double,0.155187
4:AsianBasketOption,BlackScholes.Volatility_EQ-RIC:.STOXX50E_2023-10-19,double,0.155077
4:AsianBasketOption,BlackScholes.Volatility_EQ-RIC:.STOXX50E_2023-10-20,double,0.154964
4:AsianBasketOption,BlackScholes.Volatility_EQ-RIC:.STOXX50E_2023-10-23,double,0.155456
4:AsianBasketOption,BlackScholes.Volatility_EQ-RIC:.STOXX50E_2023-10-24,double,0.155615
4:AsianBasketOption,BlackScholes.Volatility_EQ-RIC:.STOXX50E_2023-10-25,double,0.155771
4:AsianBasketOption,BlackScholes.Volatility_EQ-RIC:.STOXX50E_2023-10-26,double,0.155925
4:AsianBasketOption,BlackScholes.Volatility_EQ-RIC:.STOXX50E_2023-10-27,double,0.156076
4:AsianBasketOption,BlackScholes.Volatility_EQ-RIC:.STOXX50E_2023-10-30,double,0.156513
4:AsianBasketOption,BlackScholes.Volatility_EQ-RIC:.STOXX50E_2023-10-31,double,0.156630
4:AsianBasketOption,BlackScholes.Volatility_EQ-RIC:.STOXX50E_2023-11-01,double,0.156734
4:AsianBasketOption,BlackScholes.Volatility_EQ-RIC:.STOXX50E_2023-11-02,double,0.156826
4:AsianBasketOption,BlackScholes.Volatility_EQ-RIC:.STOXX50E_2023-11-03,double,0.156905
4:AsianBasketOption,BlackScholes.Volatility_EQ-RIC:.STOXX50E_2023-11-06,double,0.157077
4:AsianBasketOption,BlackScholes.Volatility_EQ-RIC:.STOXX50E_2023-11-07,double,0.157113
4:AsianBasketOption,BlackScholes.Volatility_EQ-RIC:.STOXX50E_2023-11-08,double,0.157139
4:AsianBasketOption,BlackScholes.Volatility_EQ-RIC:.STOXX50E_2023-11-09,double,0.157155
4:AsianBasketOption,BlackScholes.Volatility_EQ-RIC:.STOXX50E_2023-11-13,double,0.157122
4:AsianBasketOption,BlackScholes.Volatility_EQ-RIC:.STOXX50E_2023-11-14,double,0.157092
4:AsianBasketOption,BlackScholes.Volatility_EQ-RIC:.STOXX50E_2023-11-15,double,0.157054
4:AsianBasketOption,BlackScholes.Volatility_EQ-RIC:.STOXX50E_2023-11-16,double,0.157008
4:AsianBasketOption,BlackScholes.Volatility_EQ-RIC:.STOXX50E_2023-11-17,double,0.156954
4:AsianBasketOption,BlackScholes.Volatility_EQ-RIC:.STOXX50E_2023-11-20,double,0.156620
4:AsianBasketOption,BlackScholes.Volatility_EQ-RIC:.STOXX50E_2023-11-21,double,0.156492
4:AsianBasketOption,BlackScholes.Volatility_EQ-RIC:.STOXX50E_2023-11-22,double,0.156355
4:AsianBasketOption,BlackScholes.Volatility_EQ-RIC:.STOXX50E_2023-11-24,double,0.156057
4:AsianBasketOption,BlackScholes.Volatility_EQ-RIC:.STOXX50E_2023-11-27,double,0.155551
4:AsianBasketOption,BlackScholes.Volatility_EQ-RIC:.STOXX50E_2023-11-28,double,0.155368
4:AsianBasketOption,BlackScholes.Volatility_EQ-RIC:.STOXX50E_2023-11-29,double,0.155178
4:AsianBasketOption,BlackScholes.Volatility_EQ-RIC:.STOXX50E_2023-11-30,double,0.154981
4:AsianBasketOption,BlackScholes.Volatility_EQ-RIC:.STOXX50E_2023-12-01,double,0.154777
4:AsianBasketOption,BlackScholes.Volatility_EQ-RIC:.STOXX50E_2023-12-04,double,0.154127
4:AsianBasketOption,BlackScholes.Volatility_EQ-RIC:.STOXX50E_2023-12-05,double,0.153897
4:AsianBasketOption,BlackScholes.Volatility_EQ-RIC:.STOXX50E_2023-12-06,double,0.153661
4:AsianBasketOption,BlackScholes.Volatility_EQ-RIC:.STOXX50E_2023-12-07,double,0.153420
4:AsianBasketOption,BlackScholes.Volatility_EQ-RIC:.STOXX50E_2023-12-08,double,0.153172
4:AsianBasketOption,BlackScholes.Volatility_EQ-RIC:.STOXX50E_2023-12-11,double,0.152394
4:AsianBasketOption,BlackScholes.Volatility_EQ-RIC:.STOXX50E_2023-12-12,double,0.152124
4:AsianBasketOption,BlackScholes.Volatility_EQ-RIC:.STOXX50E_2023-12-13,double,0.151849
4:AsianBasketOption,BlackScholes.Volatility_EQ-RIC:.STOXX50E_2023-12-14,double,0.151568
4:AsianBasketOption,BlackScholes.Volatility_EQ-RIC:.STOXX50E_2023-12-15,double,0.151282
4:AsianBasketOption,BlackScholes.Volatility_EQ-RIC:.STOXX50E_2023-12-18,double,0.151683
4:AsianBasketOption,BlackScholes.Volatility_EQ-RIC:.STOXX50E_2023-12-19,double,0.151835
4:AsianBasketOption,BlackScholes.Volatility_EQ-RIC:.STOXX50E_2023-12-20,double,0.151995
4:AsianBasketOption,BlackScholes.Volatility_EQ-RIC:.STOXX50E_2023-12-21,double,0.152164
4:AsianBasketOption,BlackScholes.Volatility_EQ-RIC:.STOXX50E_2023-12-22,double,0.152340
4:AsianBasketOption,BlackScholes.Volatility_EQ-RIC:.STOXX50E_2023-12-26,double,0.153287
4:AsianBasketOption,BlackScholes.Volatility_EQ-RIC:.STOXX50E_2023-12-27,double,0.153494
4:AsianBasketOption,BlackScholes.Volatility_EQ-RIC:.STOXX50E_2023-12-28,double,0.153681
4:AsianBasketOption,BlackScholes.Volatility_EQ-RIC:.STOXX50E_2023-12-29,double,0.153850
4:AsianBasketOption,BlackScholes.Volatility_EQ-RIC:.STOXX50E_2024-01-02,double,0.154350
4:AsianBasketOption,BlackScholes.Volatility_EQ-RIC:.STOXX50E_2024-01-03,double,0.154433
4:AsianBasketOption,BlackScholes.Volatility_EQ-RIC:.STOXX50E_2024-01-04,double,0.154500
4:AsianBasketOption,BlackScholes.Volatility_EQ-RIC:.STOXX50E_2024-01-05,double,0.154550
4:AsianBasketOption,BlackScholes.Volatility_EQ-RIC:.STOXX50E_2024-01-08,double,0.154611
4:AsianBasketOption,BlackScholes.Volatility_EQ-RIC:.STOXX50E_2024-01-09,double,0.154602
4:AsianBasketOption,BlackScholes.Volatility_EQ-RIC:.STOXX50E_2024-01-10,double,0.154578
4:AsianBasketOption,BlackScholes.Volatility_EQ-RIC:.STOXX50E_2024-01-11,double,0.154540
4:AsianBasketOption,BlackScholes.Volatility_EQ-RIC:.STOXX50E_2024-01-12,double,0.154488
4:AsianBasketOption,BlackScholes.Volatility_EQ-RIC:.STOXX50E_2024-01-16,double,0.154147
4:AsianBasketOption,BlackScholes.Volatility_EQ-RIC:.STOXX50E_2024-01-17,double,0.154030
4:AsianBasketOption,BlackScholes.Volatility_EQ-RIC:.STOXX50E_2024-01-18,double,0.153900
4:AsianBasketOption,BlackScholes.Volatility_EQ-RIC:.STOXX50E_2024-01-19,double,0.153757
4:AsianBasketOption,BlackScholes.Volatility_EQ-RIC:.STOXX50E_2024-01-22,double,0.154278
4:AsianBasketOption,BlackScholes.Volatility_EQ-RIC:.STOXX50E_2024-01-23,double,0.154478
4:AsianBasketOption,BlackScholes.Volatility_EQ-RIC:.STOXX50E_2024-01-24,double,0.154691
4:AsianBasketOption,BlackScholes.Volatility_EQ-RIC:.STOXX50E_2024-01-25,double,0.154917
4:AsianBasketOption,BlackScholes.Volatility_EQ-RIC:.STOXX50E_2024-01-26,double,0.155155
4:AsianBasketOption,BlackScholes.Volatility_EQ-RIC:.STOXX50E_2024-01-29,double,0.155940
4:AsianBasketOption,BlackScholes.Volatility_EQ-RIC:.STOXX50E_2024-01-30,double,0.156225
4:AsianBasketOption,BlackScholes.Volatility_EQ-RIC:.STOXX50E_2024-01-31,double,0.156521
4:AsianBasketOption,BlackScholes.Volatility_EQ-RIC:.STOXX50E_2024-02-01,double,0.156827
4:AsianBasketOption,BlackScholes.Volatility_EQ-RIC:.STOXX50E_2024-02-02,double,0.157145
4:AsianBasketOption,BlackScholes.Volatility_EQ-RIC:.STOXX50E_2024-02-05,double,0.158156
4:AsianBasketOption,BlackScholes.Volatility_EQ-RIC:.STOXX50E_2024-02-06,double,0.158513
4:AsianBasketOption,BlackScholes.Volatility_EQ-RIC:.STOXX50E_2024-02-07,double,0.158879
4:AsianBasketOption,BlackScholes.Volatility_EQ-RIC:.STOXX50E_2024-02-08,double,0.159254
4:AsianBasketOption,BlackScholes.Volatility_EQ-RIC:.STOXX50E_2024-02-09,double,0.159639
4:AsianBasketOption,BlackScholes.Volatility_EQ-RIC:.STOXX50E_2024-02-12,double,0.160842
4:AsianBasketOption,BlackScholes.Volatility_EQ-RIC:.STOXX50E_2024-02-13,double,0.161260
4:AsianBasketOption,BlackScholes.Volatility_EQ-RIC:.STOXX50E_2024-02-14,double,0.161685
4:AsianBasketOption,BlackScholes.Volatility_EQ-RIC:.STOXX50E_2024-02-15,double,0.161925
4:AsianBasketOption,BlackScholes.Volatility_EQ-RIC:.STOXX50E_2024-02-16,double,0.162066
4:AsianBasketOption,BlackScholes.Volatility_EQ-RIC:.STOXX50E_2024-02-20,double,0.161054
4:AsianBasketOption,BlackScholes.Volatility_EQ-RIC:.STOXX50E_2024-02-21,double,0.160800
4:AsianBasketOption,BlackScholes.Volatility_EQ-RIC:.STOXX50E_2024-02-22,double,0.160546
4:AsianBasketOption,BlackScholes.Volatility_EQ-RIC:.STOXX50E_2024-02-23,double,0.160291
4:AsianBasketOption,BlackScholes.Volatility_EQ-RIC:.STOXX50E_2024-02-26,double,0.159526
4:AsianBasketOption,BlackScholes.Volatility_EQ-RIC:.STOXX50E_2024-02-27,double,0.159270
4:AsianBasketOption,BlackScholes.Volatility_EQ-RIC:.STOXX50E_2024-02-28,double,0.159014
4:AsianBasketOption,BlackScholes.Volatility_EQ-RIC:.STOXX50E_2024-02-29,double,0.158758
4:AsianBasketOption,BlackScholes.Volatility_EQ-RIC:.STOXX50E_2024-03-01,double,0.158501
4:AsianBasketOption,BlackScholes.Volatility_EQ-RIC:.STOXX50E_2024-03-04,double,0.157729
4:AsianBasketOption,BlackScholes.Volatility_EQ-RIC:.STOXX50E_2024-03-05,double,0.157471
4:AsianBasketOption,BlackScholes.Volatility_EQ-RIC:.STOXX50E_2024-03-06,double,0.157212
4:AsianBasketOption,BlackScholes.Volatility_EQ-RIC:.STOXX50E_2024-03-07,double,0.156953
4:AsianBasketOption,BlackScholes.Volatility_EQ-RIC:.STOXX50E_2024-03-08,double,0.156694
4:AsianBasketOption,BlackScholes.Volatility_EQ-RIC:.STOXX50E_2024-03-11,double,0.155914
4:AsianBasketOption,BlackScholes.Volatility_EQ-RIC:.STOXX50E_2024-03-12,double,0.155660
4:AsianBasketOption,BlackScholes.Volatility_EQ-RIC:.STOXX50E_2024-03-13,double,0.155405
4:AsianBasketOption,BlackScholes.Volatility_EQ-RIC:.STOXX50E_2024-03-14,double,0.155149
4:AsianBasketOption,BlackScholes.Volatility_EQ-RIC:.STOXX50E_2024-03-15,double,0.154893
4:AsianBasketOption,BlackScholes.Volatility_EQ-RIC:.STOXX50E_2024-03-18,double,0.155448
4:AsianBasketOption,BlackScholes.Volatility_EQ-RIC:.STOXX50E_2024-03-19,double,0.155661
4:AsianBasketOption,BlackScholes.Volatility_EQ-RIC:.STOXX50E_2024-03-20,double,0.155888
4:AsianBasketOption,BlackScholes.Volatility_EQ-RIC:.STOXX50E_2024-03-21,double,0.156129
4:AsianBasketOption,BlackScholes.Volatility_EQ-RIC:.STOXX50E_2024-03-22,double,0.156384
4:AsianBasketOption,BlackScholes.Volatility_EQ-RIC:.STOXX50E_2024-03-25,double,0.157225
4:AsianBasketOption,BlackScholes.Volatility_EQ-RIC:.STOXX50E_2024-03-26,double,0.157530
4:AsianBasketOption,BlackScholes.Volatility_EQ-RIC:.STOXX50E_2024-03-27,double,0.157848
4:AsianBasketOption,BlackScholes.Volatility_EQ-RIC:.STOXX50E_2024-03-28,double,0.158178
4:AsianBasketOption,BlackScholes.Volatility_EQ-RIC:.STOXX50E_2024-03-29,double,0.158519
4:AsianBasketOption,BlackScholes.Volatility_EQ-RIC:.STOXX50E_2024-04-01,double,0.159611
4:AsianBasketOption,BlackScholes.Volatility_EQ-RIC:.STOXX50E_2024-04-02,double,0.159997
4:AsianBasketOption,BlackScholes.Volatility_EQ-RIC:.STOXX50E_2024-04-03,double,0.160394
4:AsianBasketOption,BlackScholes.Volatility_EQ-RIC:.STOXX50E_2024-04-04,double,0.160801
4:AsianBasketOption,BlackScholes.Volatility_EQ-RIC:.STOXX50E_2024-04-05,double,0.161218
4:AsianBasketOption,BlackScholes.Volatility_EQ-RIC:.STOXX50E_2024-04-08,double,0.162528
4:AsianBasketOption,BlackScholes.Volatility_EQ-RIC:.STOXX50E_2024-04-09,double,0.162756
4:AsianBasketOption,BlackScholes.Volatility_EQ-RIC:.STOXX50E_2024-04-10,double,0.162931
4:AsianBasketOption,BlackScholes.Volatility_EQ-RIC:.STOXX50E_2024-04-11,double,0.163078
4:AsianBasketOption,BlackScholes.Volatility_EQ-RIC:.STOXX50E_2024-04-12,double,0.163198
4:AsianBasketOption,BlackScholes.Volatility_EQ-RIC:.STOXX50E_2024-04-15,double,0.163397
4:AsianBasketOption,BlackScholes.Volatility_EQ-RIC:.STOXX50E_2024-04-16,double,0.163410
4:AsianBasketOption,BlackScholes.Volatility_EQ-RIC:.STOXX50E_2024-04-17,double,0.163398
4:AsianBasketOption,BlackScholes.Volatility_EQ-RIC:.STOXX50E_2024-04-18,double,0.163361
4:AsianBasketOption,BlackScholes.Volatility_EQ-RIC:.STOXX50E_2024-04-19,double,0.163298
4:AsianBasketOption,BlackScholes.Volatility_EQ-RIC:.STOXX50E_2024-04-22,double,0.163070
4:AsianBasketOption,BlackScholes.Volatility_EQ-RIC:.STOXX50E_2024-04-23,double,0.162894
4:AsianBasketOption,BlackScholes.Volatility_EQ-RIC:.STOXX50E_2024-04-24,double,0.162668
4:AsianBasketOption,BlackScholes.Volatility_EQ-RIC:.STOXX50E_2024-04-25,double,0.162393
4:AsianBasketOption,BlackScholes.Volatility_EQ-RIC:.STOXX50E_2024-04-26,double,0.162070
4:AsianBasketOption,BlackScholes.Volatility_EQ-RIC:.STOXX50E_2024-04-29,double,0.160808
4:AsianBasketOption,BlackScholes.Volatility_EQ-RIC:.STOXX50E_2024-04-30,double,0.160291
4:AsianBasketOption,BlackScholes.Volatility_EQ-RIC:.STOXX50E_2024-05-01,double,0.159726
4:AsianBasketOption,BlackScholes.Volatility_EQ-RIC:.STOXX50E_2024-05-02,double,0.159113
4:AsianBasketOption,BlackScholes.Volatility_EQ-RIC:.STOXX50E_2024-05-03,double,0.158452
4:AsianBasketOption,BlackScholes.Volatility_EQ-RIC:.STOXX50E_2024-05-06,double,0.156178
4:AsianBasketOption,BlackScholes.Volatility_EQ-RIC:.STOXX50E_2024-05-07,double,0.155323
4:AsianBasketOption,BlackScholes.Volatility_EQ-RIC:.STOXX50E_2024-05-08,double,0.154419
4:AsianBasketOption,BlackScholes.Volatility_EQ-RIC:.STOXX50E_2024-05-09,double,0.153465
4:AsianBasketOption,BlackScholes.Volatility_EQ-RIC:.STOXX50E_2024-05-10,double,0.152466
4:AsianBasketOption,BlackScholes.Volatility_EQ-RIC:.STOXX50E_2024-05-13,double,0.149166
4:AsianBasketOption,BlackScholes.Volatility_EQ-RIC:.STOXX50E_2024-05-14,double,0.147962
4:AsianBasketOption,BlackScholes.Volatility_EQ-RIC:.STOXX50E_2024-05-15,double,0.146705
4:AsianBasketOption,BlackScholes.Volatility_EQ-RIC:.STOXX50E_2024-05-16,double,0.145394
4:AsianBasketOption,BlackScholes.Volatility_EQ-RIC:.STOXX50E_2024-05-17,double,0.144028
4:AsianBasketOption,BlackScholes.Volatility_EQ-RIC:.STOXX50E_2024-05-20,double,0.145796
4:AsianBasketOption,BlackScholes.Volatility_EQ-RIC:.STOXX50E_2024-05-21,double,0.146505
4:AsianBasketOption,BlackScholes.Volatility_EQ-RIC:.STOXX50E_2024-05-22,double,0.147271
4:AsianBasketOption,BlackScholes.Volatility_EQ-RIC:.STOXX50E_2024-05-23,double,0.148092
4:AsianBasketOption,BlackScholes.Volatility_EQ-RIC:.STOXX50E_2024-05-24,double,0.148968
4:AsianBasketOption,BlackScholes.Volatility_EQ-RIC:.STOXX50E_2024-05-28,double,0.152981
4:AsianBasketOption,BlackScholes.Volatility_EQ-RIC:.STOXX50E_2024-05-29,double,0.154105
4:AsianBasketOption,BlackScholes.Volatility_EQ-RIC:.STOXX50E_2024-05-30,double,0.155273
4:AsianBasketOption,BlackScholes.Volatility_EQ-RIC:.STOXX50E_2024-05-31,double,0.156484
4:AsianBasketOption,BlackScholes.Volatility_EQ-RIC:.STOXX50E_2024-06-03,double,0.160268
4:AsianBasketOption,BlackScholes.Volatility_EQ-RIC:.STOXX50E_2024-06-04,double,0.161409
4:AsianBasketOption,BlackScholes.Volatility_EQ-RIC:.STOXX50E_2024-06-05,double,0.162461
4:AsianBasketOption,BlackScholes.Volatility_EQ-RIC:.STOXX50E_2024-06-06,double,0.163427
4:AsianBasketOption,BlackScholes.Volatility_EQ-RIC:.STOXX50E_2024-06-07,double,0.164309
4:AsianBasketOption,BlackScholes.Volatility_EQ-RIC:.STOXX50E_2024-06-10,double,0.166471
4:AsianBasketOption,BlackScholes.Volatility_EQ-RIC:.STOXX50E_2024-06-11,double,0.167036
4:AsianBasketOption,BlackScholes.Volatility_EQ-RIC:.STOXX50E_2024-06-12,double,0.167556
4:AsianBasketOption,BlackScholes.Volatility_EQ-RIC:.STOXX50E_2024-06-13,double,0.168004
4:AsianBasketOption,BlackScholes.Volatility_EQ-RIC:.STOXX50E_2024-06-14,double,0.168381
4:AsianBasketOption,BlackScholes.Volatility_EQ-RIC:.STOXX50E_2024-06-17,double,0.169099
4:AsianBasketOption,BlackScholes.Volatility_EQ-RIC:.STOXX50E_2024-06-18,double,0.169204
4:AsianBasketOption,BlackScholes.Volatility_EQ-RIC:.STOXX50E_2024-06-20,double,0.169217
4:AsianBasketOption,BlackScholes.Volatility_EQ-RIC:.STOXX50E_2024-06-21,double,0.169125
4:AsianBasketOption,BlackScholes.Volatility_EQ-RIC:.STOXX50E_2024-06-24,double,0.165698
4:AsianBasketOption,BlackScholes.Volatility_EQ-RIC:.STOXX50E_2024-06-25,double,0.164545
4:AsianBasketOption,BlackScholes.Volatility_EQ-RIC:.STOXX50E_2024-06-26,double,0.163387
4:AsianBasketOption,BlackScholes.Volatility_EQ-RIC:.STOXX50E_2024-06-27,double,0.162223
4:AsianBasketOption,BlackScholes.Volatility_EQ-RIC:.STOXX50E_2024-06-28,double,0.161054
4:AsianBasketOption,BlackScholes.Volatility_EQ-RIC:.STOXX50E_2024-07-01,double,0.157511
4:AsianBasketOption,BlackScholes.Volatility_EQ-RIC:.STOXX50E_2024-07-02,double,0.156318
4:AsianBasketOption,BlackScholes.Volatility_EQ-RIC:.STOXX50E_2024-07-03,double,0.155119
4:AsianBasketOption,BlackScholes.Volatility_EQ-RIC:.STOXX50E_2024-07-05,double,0.152699
4:AsianBasketOption,BlackScholes.Volatility_EQ-RIC:.STOXX50E_2024-07-08,double,0.149017
4:AsianBasketOption,BlackScholes.Volatility_EQ-RIC:.STOXX50E_2024-07-09,double,0.147775
4:AsianBasketOption,BlackScholes.Volatility_EQ-RIC:.STOXX50E_2024-07-10,double,0.146546
4:AsianBasketOption,BlackScholes.Volatility_EQ-RIC:.STOXX50E_2024-07-11,double,0.145309
4:AsianBasketOption,BlackScholes.Volatility_EQ-RIC:.STOXX50E_2024-07-12,double,0.144065
4:AsianBasketOption,BlackScholes.Volatility_EQ-RIC:.STOXX50E_2024-07-15,double,0.140280
4:AsianBasketOption,BlackScholes.Volatility_EQ-RIC:.STOXX50E_2024-07-16,double,0.139001
4:AsianBasketOption,BlackScholes.Volatility_EQ-RIC:.STOXX50E_2024-07-17,double,0.137713
4:AsianBasketOption,BlackScholes.Volatility_EQ-RIC:.STOXX50E_2024-07-18,double,0.136416
4:AsianBasketOption,BlackScholes.Volatility_EQ-RIC:.STOXX50E_2024-07-19,double,0.135108
4:AsianBasketOption,BlackScholes.Volatility_EQ-RIC:.STOXX50E_2024-07-22,double,0.138760
4:AsianBasketOption,BlackScholes.Volatility_EQ-RIC:.STOXX50E_2024-07-23,double,0.140125
4:AsianBasketOption,BlackScholes.Volatility_EQ-RIC:.STOXX50E_2024-07-24,double,0.141560
4:AsianBasketOption,BlackScholes.Volatility_EQ-RIC:.STOXX50E_2024-07-25,double,0.143060
4:AsianBasketOption,BlackScholes.Volatility_EQ-RIC:.STOXX50E_2024-07-26,double,0.144625
4:AsianBasketOption,BlackScholes.Volatility_EQ-RIC:.STOXX50E_2024-07-29,double,0.149809
4:AsianBasketOption,BlackScholes.Volatility_EQ-RIC:.STOXX50E_2024-07-30,double,0.152184
4:AsianBasketOption,BlackScholes.Volatility_EQ-RIC:.STOXX50E_2024-07-31,double,0.154489
4:AsianBasketOption,BlackScholes.Volatility_EQ-RIC:.STOXX50E_2024-08-01,double,0.156726
4:AsianBasketOption,BlackScholes.Volatility_EQ-RIC:.STOXX50E_2024-08-02,double,0.158899
4:AsianBasketOption,BlackScholes.Volatility_EQ-RIC:.STOXX50E_2024-08-05,double,0.165059
4:AsianBasketOption,BlackScholes.Volatility_EQ-RIC:.STOXX50E_2024-08-06,double,0.167001
4:AsianBasketOption,BlackScholes.Volatility_EQ-RIC:.STOXX50E_2024-08-07,double,0.168891
4:AsianBasketOption,BlackScholes.Volatility_EQ-RIC:.STOXX50E_2024-08-08,double,0.170731
4:AsianBasketOption,BlackScholes.Volatility_EQ-RIC:.STOXX50E_2024-08-09,double,0.172523
4:AsianBasketOption,BlackScholes.Volatility_EQ-RIC:.STOXX50E_2024-08-12,double,0.177655
4:AsianBasketOption,BlackScholes.Volatility_EQ-RIC:.STOXX50E_2024-08-13,double,0.179281
4:AsianBasketOption,BlackScholes.Volatility_EQ-RIC:.STOXX50E_2024-08-14,double,0.180866
4:AsianBasketOption,BlackScholes.Volatility_EQ-RIC:.STOXX50E_2024-08-15,double,0.182413
4:AsianBasketOption,BlackScholes.Volatility_EQ-RIC:.STOXX50E_2024-08-16,double,0.183923
4:AsianBasketOption,BlackScholes.Volatility_EQ-RIC:.STOXX50E_2024-08-19,double,0.183357
4:AsianBasketOption,BlackScholes.Volatility_EQ-RIC:.STOXX50E_2024-08-20,double,0.183166
4:AsianBasketOption,BlackScholes.Volatility_EQ-RIC:.STOXX50E_2024-08-21,double,0.182975
4:AsianBasketOption,BlackScholes.Volatility_EQ-RIC:.STOXX50E_2024-08-22,double,0.182783
4:AsianBasketOption,BlackScholes.Volatility_EQ-RIC:.STOXX50E_2024-08-23,double,0.182591
4:AsianBasketOption,BlackScholes.Volatility_EQ-RIC:.STOXX50E_2024-08-26,double,0.182008
4:AsianBasketOption,BlackScholes.Volatility_EQ-RIC:.STOXX50E_2024-08-27,double,0.181813
4:AsianBasketOption,BlackScholes.Volatility_EQ-RIC:.STOXX50E_2024-08-28,double,0.181616
4:AsianBasketOption,BlackScholes.Volatility_EQ-RIC:.STOXX50E_2024-08-29,double,0.181419
4:AsianBasketOption,BlackScholes.Volatility_EQ-RIC:.STOXX50E_2024-08-30,double,0.181221
4:AsianBasketOption,BlackScholes.Volatility_EQ-RIC:.STOXX50E_2024-09-03,double,0.180422
4:AsianBasketOption,BlackScholes.Volatility_EQ-RIC:.STOXX50E_2024-09-04,double,0.180220
4:AsianBasketOption,BlackScholes.Volatility_EQ-RIC:.STOXX50E_2024-09-05,double,0.180018
4:AsianBasketOption,BlackScholes.Volatility_EQ-RIC:.STOXX50E_2024-09-06,double,0.179814
4:AsianBasketOption,BlackScholes.Volatility_EQ-RIC:.STOXX50E_2024-09-09,double,0.179200
4:AsianBasketOption,BlackScholes.Volatility_EQ-RIC:.STOXX50E_2024-09-10,double,0.178994
4:AsianBasketOption,BlackScholes.Volatility_EQ-RIC:.STOXX50E_2024-09-11,double,0.178787
4:AsianBasketOption,BlackScholes.Volatility_EQ-RIC:.STOXX50E_2024-09-12,double,0.178580
4:AsianBasketOption,BlackScholes.Volatility_EQ-RIC:.STOXX50E_2024-09-13,double,0.178371
4:AsianBasketOption,BlackScholes.Volatility_EQ-RIC:.STOXX50E_2024-09-16,double,0.177742
4:AsianBasketOption,BlackScholes.Volatility_EQ-RIC:.STOXX50E_2024-09-17,double,0.177530
4:AsianBasketOption,BlackScholes.Volatility_EQ-RIC:.STOXX50E_2024-09-18,double,0.177318
4:AsianBasketOption,BlackScholes.Volatility_EQ-RIC:.STOXX50E_2024-09-19,double,0.177105
4:AsianBasketOption,BlackScholes.Volatility_EQ-RIC:.STOXX50E_2024-09-20,double,0.176892
4:AsianBasketOption,BlackScholes.Volatility_EQ-RIC:.STOXX50E_2024-09-23,double,0.176783
4:AsianBasketOption,BlackScholes.Volatility_EQ-RIC:.STOXX50E_2024-09-24,double,0.176757
4:AsianBasketOption,BlackScholes.Volatility_EQ-RIC:.STOXX50E_2024-09-25,double,0.176736
4:AsianBasketOption,BlackScholes.Volatility_EQ-RIC:.STOXX50E_2024-09-26,double,0.176721
4:AsianBasketOption,BlackScholes.Volatility_EQ-RIC:.STOXX50E_2024-09-27,double,0.176711
4:AsianBasketOption,BlackScholes.Volatility_EQ-RIC:.STOXX50E_2024-09-30,double,0.176712
4:AsianBasketOption,BlackScholes.Volatility_EQ-RIC:.STOXX50E_2024-10-01,double,0.176723
4:AsianBasketOption,BlackScholes.Volatility_EQ-RIC:.STOXX50E_2024-10-02,double,0.176739
4:AsianBasketOption,BlackScholes.Volatility_EQ-RIC:.STOXX50E_2024-10-03,double,0.176759
4:AsianBasketOption,BlackScholes.Volatility_EQ-RIC:.STOXX50E_2024-10-04,double,0.176785
4:AsianBasketOption,BlackScholes.Volatility_EQ-RIC:.STOXX50E_2024-10-07,double,0.176891
4:AsianBasketOption,BlackScholes.Volatility_EQ-RIC:.STOXX50E_2024-10-08,double,0.176936
4:AsianBasketOption,BlackScholes.Volatility_EQ-RIC:.STOXX50E_2024-10-09,double,0.176986
4:AsianBasketOption,BlackScholes.Volatility_EQ-RIC:.STOXX50E_2024-10-10,double,0.177041
4:AsianBasketOption,BlackScholes.Volatility_EQ-RIC:.STOXX50E_2024-10-11,double,0.177100
4:AsianBasketOption,BlackScholes.Volatility_EQ-RIC:.STOXX50E_2024-10-15,double,0.177384
4:AsianBasketOption,ExerciseProbability,double,0.524500
4:AsianBasketOption,cashFlowResults[0],cashflows,
4:AsianBasketOption,currentNotional,double,45000000.000000
4:AsianBasketOption,instMultiplier,double,1.000000
4:AsianBasketOption,notionalCurrency,string,EUR
