#Key,Factor,BaseValue,ShiftSize
DiscountCurve/EUR/0,DiscountCurve/EUR/0/2W,0.03700060,0.00010000
DiscountCurve/EUR/1,DiscountCurve/EUR/1/1M,0.03700229,0.00010000
DiscountCurve/EUR/2,DiscountCurve/EUR/2/3M,0.03757325,0.00010000
DiscountCurve/EUR/3,DiscountCurve/EUR/3/6M,0.03808899,0.00010000
DiscountCurve/EUR/4,DiscountCurve/EUR/4/1Y,0.03756674,0.00010000
DiscountCurve/EUR/5,DiscountCurve/EUR/5/2Y,0.03435278,0.00010000
DiscountCurve/EUR/6,DiscountCurve/EUR/6/3Y,0.03207652,0.00010000
DiscountCurve/EUR/7,DiscountCurve/EUR/7/5Y,0.03003416,0.00010000
DiscountCurve/EUR/8,DiscountCurve/EUR/8/10Y,0.02972911,0.00010000
DiscountCurve/EUR/9,DiscountCurve/EUR/9/15Y,0.03050407,0.00010000
DiscountCurve/EUR/10,DiscountCurve/EUR/10/20Y,0.02962899,0.00010000
DiscountCurve/EUR/11,DiscountCurve/EUR/11/30Y,0.02679113,0.00010000
DiscountCurve/USD/0,DiscountCurve/USD/0/2W,0.05368989,0.00010000
DiscountCurve/USD/1,DiscountCurve/USD/1/1M,0.05370820,0.00010000
DiscountCurve/USD/2,DiscountCurve/USD/2/3M,0.05392085,0.00010000
DiscountCurve/USD/3,DiscountCurve/USD/3/6M,0.05415621,0.00010000
DiscountCurve/USD/4,DiscountCurve/USD/4/1Y,0.05235178,0.00010000
DiscountCurve/USD/5,DiscountCurve/USD/5/2Y,0.04621436,0.00010000
DiscountCurve/USD/6,DiscountCurve/USD/6/3Y,0.04230206,0.00010000
DiscountCurve/USD/7,DiscountCurve/USD/7/5Y,0.03891845,0.00010000
DiscountCurve/USD/8,DiscountCurve/USD/8/10Y,0.03746806,0.00010000
DiscountCurve/USD/9,DiscountCurve/USD/9/15Y,0.03783124,0.00010000
DiscountCurve/USD/10,DiscountCurve/USD/10/20Y,0.03732876,0.00010000
DiscountCurve/USD/11,DiscountCurve/USD/11/30Y,0.03456169,0.00010000
IndexCurve/EUR-ESTER/0,IndexCurve/EUR-ESTER/0/2W,0.03700060,0.00010000
IndexCurve/EUR-ESTER/1,IndexCurve/EUR-ESTER/1/1M,0.03700229,0.00010000
IndexCurve/EUR-ESTER/2,IndexCurve/EUR-ESTER/2/3M,0.03757325,0.00010000
IndexCurve/EUR-ESTER/3,IndexCurve/EUR-ESTER/3/6M,0.03808899,0.00010000
IndexCurve/EUR-ESTER/4,IndexCurve/EUR-ESTER/4/1Y,0.03756674,0.00010000
IndexCurve/EUR-ESTER/5,IndexCurve/EUR-ESTER/5/2Y,0.03435278,0.00010000
IndexCurve/EUR-ESTER/6,IndexCurve/EUR-ESTER/6/3Y,0.03207652,0.00010000
IndexCurve/EUR-ESTER/7,IndexCurve/EUR-ESTER/7/5Y,0.03003416,0.00010000
IndexCurve/EUR-ESTER/8,IndexCurve/EUR-ESTER/8/10Y,0.02972911,0.00010000
IndexCurve/EUR-ESTER/9,IndexCurve/EUR-ESTER/9/15Y,0.03050407,0.00010000
IndexCurve/EUR-ESTER/10,IndexCurve/EUR-ESTER/10/20Y,0.02962899,0.00010000
IndexCurve/EUR-ESTER/11,IndexCurve/EUR-ESTER/11/30Y,0.02679113,0.00010000
IndexCurve/USD-SOFR/0,IndexCurve/USD-SOFR/0/2W,0.05368989,0.00010000
IndexCurve/USD-SOFR/1,IndexCurve/USD-SOFR/1/1M,0.05370820,0.00010000
IndexCurve/USD-SOFR/2,IndexCurve/USD-SOFR/2/3M,0.05392085,0.00010000
IndexCurve/USD-SOFR/3,IndexCurve/USD-SOFR/3/6M,0.05415621,0.00010000
IndexCurve/USD-SOFR/4,IndexCurve/USD-SOFR/4/1Y,0.05235178,0.00010000
IndexCurve/USD-SOFR/5,IndexCurve/USD-SOFR/5/2Y,0.04621436,0.00010000
IndexCurve/USD-SOFR/6,IndexCurve/USD-SOFR/6/3Y,0.04230206,0.00010000
IndexCurve/USD-SOFR/7,IndexCurve/USD-SOFR/7/5Y,0.03891845,0.00010000
IndexCurve/USD-SOFR/8,IndexCurve/USD-SOFR/8/10Y,0.03746806,0.00010000
IndexCurve/USD-SOFR/9,IndexCurve/USD-SOFR/9/15Y,0.03783124,0.00010000
IndexCurve/USD-SOFR/10,IndexCurve/USD-SOFR/10/20Y,0.03732876,0.00010000
IndexCurve/USD-SOFR/11,IndexCurve/USD-SOFR/11/30Y,0.03456169,0.00010000
FXSpot/USDEUR/0,FXSpot/USDEUR/0/spot,0.90888434,0.00090888
FXVolatility/EURUSD/0,FXVolatility/EURUSD/0/2W/-7,0.06989629,0.00006990
FXVolatility/EURUSD/1,FXVolatility/EURUSD/1/1M/-7,0.07062671,0.00007063
FXVolatility/EURUSD/2,FXVolatility/EURUSD/2/3M/-7,0.07631589,0.00007632
FXVolatility/EURUSD/3,FXVolatility/EURUSD/3/6M/-7,0.08007758,0.00008008
FXVolatility/EURUSD/4,FXVolatility/EURUSD/4/1Y/-7,0.08564477,0.00008564
FXVolatility/EURUSD/5,FXVolatility/EURUSD/5/2Y/-7,0.08931974,0.00008932
FXVolatility/EURUSD/6,FXVolatility/EURUSD/6/3Y/-7,0.09048921,0.00009049
FXVolatility/EURUSD/7,FXVolatility/EURUSD/7/5Y/-7,0.09392335,0.00009392
FXVolatility/EURUSD/8,FXVolatility/EURUSD/8/10Y/-7,0.10128661,0.00010129
FXVolatility/EURUSD/9,FXVolatility/EURUSD/9/15Y/-7,0.10129316,0.00010129
FXVolatility/EURUSD/10,FXVolatility/EURUSD/10/20Y/-7,0.10129316,0.00010129
FXVolatility/EURUSD/11,FXVolatility/EURUSD/11/30Y/-7,0.10129316,0.00010129
FXVolatility/EURUSD/12,FXVolatility/EURUSD/12/2W/-6,0.06989629,0.00006990
FXVolatility/EURUSD/13,FXVolatility/EURUSD/13/1M/-6,0.07062671,0.00007063
FXVolatility/EURUSD/14,FXVolatility/EURUSD/14/3M/-6,0.07631589,0.00007632
FXVolatility/EURUSD/15,FXVolatility/EURUSD/15/6M/-6,0.08007758,0.00008008
FXVolatility/EURUSD/16,FXVolatility/EURUSD/16/1Y/-6,0.08564477,0.00008564
FXVolatility/EURUSD/17,FXVolatility/EURUSD/17/2Y/-6,0.08931974,0.00008932
FXVolatility/EURUSD/18,FXVolatility/EURUSD/18/3Y/-6,0.09048921,0.00009049
FXVolatility/EURUSD/19,FXVolatility/EURUSD/19/5Y/-6,0.09392335,0.00009392
FXVolatility/EURUSD/20,FXVolatility/EURUSD/20/10Y/-6,0.10128661,0.00010129
FXVolatility/EURUSD/21,FXVolatility/EURUSD/21/15Y/-6,0.10129316,0.00010129
FXVolatility/EURUSD/22,FXVolatility/EURUSD/22/20Y/-6,0.10129316,0.00010129
FXVolatility/EURUSD/23,FXVolatility/EURUSD/23/30Y/-6,0.10129316,0.00010129
FXVolatility/EURUSD/24,FXVolatility/EURUSD/24/2W/-5,0.06989629,0.00006990
FXVolatility/EURUSD/25,FXVolatility/EURUSD/25/1M/-5,0.07062671,0.00007063
FXVolatility/EURUSD/26,FXVolatility/EURUSD/26/3M/-5,0.07631589,0.00007632
FXVolatility/EURUSD/27,FXVolatility/EURUSD/27/6M/-5,0.08007757,0.00008008
FXVolatility/EURUSD/28,FXVolatility/EURUSD/28/1Y/-5,0.08564477,0.00008564
FXVolatility/EURUSD/29,FXVolatility/EURUSD/29/2Y/-5,0.08931974,0.00008932
FXVolatility/EURUSD/30,FXVolatility/EURUSD/30/3Y/-5,0.09048921,0.00009049
FXVolatility/EURUSD/31,FXVolatility/EURUSD/31/5Y/-5,0.09392335,0.00009392
FXVolatility/EURUSD/32,FXVolatility/EURUSD/32/10Y/-5,0.10128661,0.00010129
FXVolatility/EURUSD/33,FXVolatility/EURUSD/33/15Y/-5,0.10129316,0.00010129
FXVolatility/EURUSD/34,FXVolatility/EURUSD/34/20Y/-5,0.10129316,0.00010129
FXVolatility/EURUSD/35,FXVolatility/EURUSD/35/30Y/-5,0.10129316,0.00010129
FXVolatility/EURUSD/36,FXVolatility/EURUSD/36/2W/-4,0.06989611,0.00006990
FXVolatility/EURUSD/37,FXVolatility/EURUSD/37/1M/-4,0.07062651,0.00007063
FXVolatility/EURUSD/38,FXVolatility/EURUSD/38/3M/-4,0.07631549,0.00007632
FXVolatility/EURUSD/39,FXVolatility/EURUSD/39/6M/-4,0.08007701,0.00008008
FXVolatility/EURUSD/40,FXVolatility/EURUSD/40/1Y/-4,0.08564404,0.00008564
FXVolatility/EURUSD/41,FXVolatility/EURUSD/41/2Y/-4,0.08931906,0.00008932
FXVolatility/EURUSD/42,FXVolatility/EURUSD/42/3Y/-4,0.09048858,0.00009049
FXVolatility/EURUSD/43,FXVolatility/EURUSD/43/5Y/-4,0.09392291,0.00009392
FXVolatility/EURUSD/44,FXVolatility/EURUSD/44/10Y/-4,0.10128653,0.00010129
FXVolatility/EURUSD/45,FXVolatility/EURUSD/45/15Y/-4,0.10129315,0.00010129
FXVolatility/EURUSD/46,FXVolatility/EURUSD/46/20Y/-4,0.10129316,0.00010129
FXVolatility/EURUSD/47,FXVolatility/EURUSD/47/30Y/-4,0.10129316,0.00010129
FXVolatility/EURUSD/48,FXVolatility/EURUSD/48/2W/-3,0.06988876,0.00006989
FXVolatility/EURUSD/49,FXVolatility/EURUSD/49/1M/-3,0.07061789,0.00007062
FXVolatility/EURUSD/50,FXVolatility/EURUSD/50/3M/-3,0.07629883,0.00007630
FXVolatility/EURUSD/51,FXVolatility/EURUSD/51/6M/-3,0.08005319,0.00008005
FXVolatility/EURUSD/52,FXVolatility/EURUSD/52/1Y/-3,0.08561284,0.00008561
FXVolatility/EURUSD/53,FXVolatility/EURUSD/53/2Y/-3,0.08928929,0.00008929
FXVolatility/EURUSD/54,FXVolatility/EURUSD/54/3Y/-3,0.09046118,0.00009046
FXVolatility/EURUSD/55,FXVolatility/EURUSD/55/5Y/-3,0.09390352,0.00009390
FXVolatility/EURUSD/56,FXVolatility/EURUSD/56/10Y/-3,0.10128294,0.00010128
FXVolatility/EURUSD/57,FXVolatility/EURUSD/57/15Y/-3,0.10129249,0.00010129
FXVolatility/EURUSD/58,FXVolatility/EURUSD/58/20Y/-3,0.10129301,0.00010129
FXVolatility/EURUSD/59,FXVolatility/EURUSD/59/30Y/-3,0.10129315,0.00010129
FXVolatility/EURUSD/60,FXVolatility/EURUSD/60/2W/-2,0.06975844,0.00006976
FXVolatility/EURUSD/61,FXVolatility/EURUSD/61/1M/-2,0.07046532,0.00007047
FXVolatility/EURUSD/62,FXVolatility/EURUSD/62/3M/-2,0.07600641,0.00007601
FXVolatility/EURUSD/63,FXVolatility/EURUSD/63/6M/-2,0.07963487,0.00007963
FXVolatility/EURUSD/64,FXVolatility/EURUSD/64/1Y/-2,0.08506368,0.00008506
FXVolatility/EURUSD/65,FXVolatility/EURUSD/65/2Y/-2,0.08875622,0.00008876
FXVolatility/EURUSD/66,FXVolatility/EURUSD/66/3Y/-2,0.08996394,0.00008996
FXVolatility/EURUSD/67,FXVolatility/EURUSD/67/5Y/-2,0.09353517,0.00009354
FXVolatility/EURUSD/68,FXVolatility/EURUSD/68/10Y/-2,0.10117237,0.00010117
FXVolatility/EURUSD/69,FXVolatility/EURUSD/69/15Y/-2,0.10124605,0.00010125
FXVolatility/EURUSD/70,FXVolatility/EURUSD/70/20Y/-2,0.10126812,0.00010127
FXVolatility/EURUSD/71,FXVolatility/EURUSD/71/30Y/-2,0.10128672,0.00010129
FXVolatility/EURUSD/72,FXVolatility/EURUSD/72/2W/-1,0.06856967,0.00006857
FXVolatility/EURUSD/73,FXVolatility/EURUSD/73/1M/-1,0.06907960,0.00006908
FXVolatility/EURUSD/74,FXVolatility/EURUSD/74/3M/-1,0.07346907,0.00007347
FXVolatility/EURUSD/75,FXVolatility/EURUSD/75/6M/-1,0.07606167,0.00007606
FXVolatility/EURUSD/76,FXVolatility/EURUSD/76/1Y/-1,0.08043144,0.00008043
FXVolatility/EURUSD/77,FXVolatility/EURUSD/77/2Y/-1,0.08404699,0.00008405
FXVolatility/EURUSD/78,FXVolatility/EURUSD/78/3Y/-1,0.08541614,0.00008542
FXVolatility/EURUSD/79,FXVolatility/EURUSD/79/5Y/-1,0.08964314,0.00008964
FXVolatility/EURUSD/80,FXVolatility/EURUSD/80/10Y/-1,0.09861066,0.00009861
FXVolatility/EURUSD/81,FXVolatility/EURUSD/81/15Y/-1,0.09886877,0.00009887
FXVolatility/EURUSD/82,FXVolatility/EURUSD/82/20Y/-1,0.09882174,0.00009882
FXVolatility/EURUSD/83,FXVolatility/EURUSD/83/30Y/-1,0.09917648,0.00009918
FXVolatility/EURUSD/84,FXVolatility/EURUSD/84/2W/-0.5,0.06696344,0.00006696
FXVolatility/EURUSD/85,FXVolatility/EURUSD/85/1M/-0.5,0.06721588,0.00006722
FXVolatility/EURUSD/86,FXVolatility/EURUSD/86/3M/-0.5,0.07018304,0.00007018
FXVolatility/EURUSD/87,FXVolatility/EURUSD/87/6M/-0.5,0.07153018,0.00007153
FXVolatility/EURUSD/88,FXVolatility/EURUSD/88/1Y/-0.5,0.07464625,0.00007465
FXVolatility/EURUSD/89,FXVolatility/EURUSD/89/2Y/-0.5,0.07798259,0.00007798
FXVolatility/EURUSD/90,FXVolatility/EURUSD/90/3Y/-0.5,0.07940960,0.00007941
FXVolatility/EURUSD/91,FXVolatility/EURUSD/91/5Y/-0.5,0.08404696,0.00008405
FXVolatility/EURUSD/92,FXVolatility/EURUSD/92/10Y/-0.5,0.09386050,0.00009386
FXVolatility/EURUSD/93,FXVolatility/EURUSD/93/15Y/-0.5,0.09307157,0.00009307
FXVolatility/EURUSD/94,FXVolatility/EURUSD/94/20Y/-0.5,0.09189479,0.00009189
FXVolatility/EURUSD/95,FXVolatility/EURUSD/95/30Y/-0.5,0.09070768,0.00009071
FXVolatility/EURUSD/96,FXVolatility/EURUSD/96/2W/-0.25,0.06607773,0.00006608
FXVolatility/EURUSD/97,FXVolatility/EURUSD/97/1M/-0.25,0.06619081,0.00006619
FXVolatility/EURUSD/98,FXVolatility/EURUSD/98/3M/-0.25,0.06840416,0.00006840
FXVolatility/EURUSD/99,FXVolatility/EURUSD/99/6M/-0.25,0.06911621,0.00006912
FXVolatility/EURUSD/100,FXVolatility/EURUSD/100/1Y/-0.25,0.07159001,0.00007159
FXVolatility/EURUSD/101,FXVolatility/EURUSD/101/2Y/-0.25,0.07474659,0.00007475
FXVolatility/EURUSD/102,FXVolatility/EURUSD/102/3Y/-0.25,0.07616309,0.00007616
FXVolatility/EURUSD/103,FXVolatility/EURUSD/103/5Y/-0.25,0.08094041,0.00008094
FXVolatility/EURUSD/104,FXVolatility/EURUSD/104/10Y/-0.25,0.09103927,0.00009104
FXVolatility/EURUSD/105,FXVolatility/EURUSD/105/15Y/-0.25,0.08985131,0.00008985
FXVolatility/EURUSD/106,FXVolatility/EURUSD/106/20Y/-0.25,0.08875793,0.00008876
FXVolatility/EURUSD/107,FXVolatility/EURUSD/107/30Y/-0.25,0.08820017,0.00008820
FXVolatility/EURUSD/108,FXVolatility/EURUSD/108/2W/-0.1,0.06563663,0.00006564
FXVolatility/EURUSD/109,FXVolatility/EURUSD/109/1M/-0.1,0.06568050,0.00006568
FXVolatility/EURUSD/110,FXVolatility/EURUSD/110/3M/-0.1,0.06751874,0.00006752
FXVolatility/EURUSD/111,FXVolatility/EURUSD/111/6M/-0.1,0.06792617,0.00006793
FXVolatility/EURUSD/112,FXVolatility/EURUSD/112/1Y/-0.1,0.07008414,0.00007008
FXVolatility/EURUSD/113,FXVolatility/EURUSD/113/2Y/-0.1,0.07314862,0.00007315
FXVolatility/EURUSD/114,FXVolatility/EURUSD/114/3Y/-0.1,0.07454635,0.00007455
FXVolatility/EURUSD/115,FXVolatility/EURUSD/115/5Y/-0.1,0.07938830,0.00007939
FXVolatility/EURUSD/116,FXVolatility/EURUSD/116/10Y/-0.1,0.08961282,0.00008961
FXVolatility/EURUSD/117,FXVolatility/EURUSD/117/15Y/-0.1,0.08859695,0.00008860
FXVolatility/EURUSD/118,FXVolatility/EURUSD/118/20Y/-0.1,0.08820030,0.00008820
FXVolatility/EURUSD/119,FXVolatility/EURUSD/119/30Y/-0.1,0.08881424,0.00008881
FXVolatility/EURUSD/120,FXVolatility/EURUSD/120/2W/-0.05,0.06551642,0.00006552
FXVolatility/EURUSD/121,FXVolatility/EURUSD/121/1M/-0.05,0.06554132,0.00006554
FXVolatility/EURUSD/122,FXVolatility/EURUSD/122/3M/-0.05,0.06727570,0.00006728
FXVolatility/EURUSD/123,FXVolatility/EURUSD/123/6M/-0.05,0.06760126,0.00006760
FXVolatility/EURUSD/124,FXVolatility/EURUSD/124/1Y/-0.05,0.06967169,0.00006967
FXVolatility/EURUSD/125,FXVolatility/EURUSD/125/2Y/-0.05,0.07271104,0.00007271
FXVolatility/EURUSD/126,FXVolatility/EURUSD/126/3Y/-0.05,0.07410086,0.00007410
FXVolatility/EURUSD/127,FXVolatility/EURUSD/127/5Y/-0.05,0.07896254,0.00007896
FXVolatility/EURUSD/128,FXVolatility/EURUSD/128/10Y/-0.05,0.08922387,0.00008922
FXVolatility/EURUSD/129,FXVolatility/EURUSD/129/15Y/-0.05,0.08836121,0.00008836
FXVolatility/EURUSD/130,FXVolatility/EURUSD/130/20Y/-0.05,0.08826883,0.00008827
FXVolatility/EURUSD/131,FXVolatility/EURUSD/131/30Y/-0.05,0.08920893,0.00008921
FXVolatility/EURUSD/132,FXVolatility/EURUSD/132/2W/ATM,0.06541268,0.00006541
FXVolatility/EURUSD/133,FXVolatility/EURUSD/133/1M/ATM,0.06542111,0.00006542
FXVolatility/EURUSD/134,FXVolatility/EURUSD/134/3M/ATM,0.06706428,0.00006706
FXVolatility/EURUSD/135,FXVolatility/EURUSD/135/6M/ATM,0.06731947,0.00006732
FXVolatility/EURUSD/136,FXVolatility/EURUSD/136/1Y/ATM,0.06931268,0.00006931
FXVolatility/EURUSD/137,FXVolatility/EURUSD/137/2Y/ATM,0.07233046,0.00007233
FXVolatility/EURUSD/138,FXVolatility/EURUSD/138/3Y/ATM,0.07371169,0.00007371
FXVolatility/EURUSD/139,FXVolatility/EURUSD/139/5Y/ATM,0.07859270,0.00007859
FXVolatility/EURUSD/140,FXVolatility/EURUSD/140/10Y/ATM,0.08888926,0.00008889
FXVolatility/EURUSD/141,FXVolatility/EURUSD/141/15Y/ATM,0.08823089,0.00008823
FXVolatility/EURUSD/142,FXVolatility/EURUSD/142/20Y/ATM,0.08843290,0.00008843
FXVolatility/EURUSD/143,FXVolatility/EURUSD/143/30Y/ATM,0.08964087,0.00008964
FXVolatility/EURUSD/144,FXVolatility/EURUSD/144/2W/0.05,0.06532676,0.00006533
FXVolatility/EURUSD/145,FXVolatility/EURUSD/145/1M/0.05,0.06532146,0.00006532
FXVolatility/EURUSD/146,FXVolatility/EURUSD/146/3M/0.05,0.06688718,0.00006689
FXVolatility/EURUSD/147,FXVolatility/EURUSD/147/6M/0.05,0.06708448,0.00006708
FXVolatility/EURUSD/148,FXVolatility/EURUSD/148/1Y/0.05,0.06901164,0.00006901
FXVolatility/EURUSD/149,FXVolatility/EURUSD/149/2Y/0.05,0.07201186,0.00007201
FXVolatility/EURUSD/150,FXVolatility/EURUSD/150/3Y/0.05,0.07338391,0.00007338
FXVolatility/EURUSD/151,FXVolatility/EURUSD/151/5Y/0.05,0.07828419,0.00007828
FXVolatility/EURUSD/152,FXVolatility/EURUSD/152/10Y/0.05,0.08861498,0.00008861
FXVolatility/EURUSD/153,FXVolatility/EURUSD/153/15Y/0.05,0.08820093,0.00008820
FXVolatility/EURUSD/154,FXVolatility/EURUSD/154/20Y/0.05,0.08867158,0.00008867
FXVolatility/EURUSD/155,FXVolatility/EURUSD/155/30Y/0.05,0.09008256,0.00009008
FXVolatility/EURUSD/156,FXVolatility/EURUSD/156/2W/0.1,0.06525797,0.00006526
FXVolatility/EURUSD/157,FXVolatility/EURUSD/157/1M/0.1,0.06524169,0.00006524
FXVolatility/EURUSD/158,FXVolatility/EURUSD/158/3M/0.1,0.06674374,0.00006674
FXVolatility/EURUSD/159,FXVolatility/EURUSD/159/6M/0.1,0.06689595,0.00006690
FXVolatility/EURUSD/160,FXVolatility/EURUSD/160/1Y/0.1,0.06876936,0.00006877
FXVolatility/EURUSD/161,FXVolatility/EURUSD/161/2Y/0.1,0.07175807,0.00007176
FXVolatility/EURUSD/162,FXVolatility/EURUSD/162/3Y/0.1,0.07312138,0.00007312
FXVolatility/EURUSD/163,FXVolatility/EURUSD/163/5Y/0.1,0.07804180,0.00007804
FXVolatility/EURUSD/164,FXVolatility/EURUSD/164/10Y/0.1,0.08840648,0.00008841
FXVolatility/EURUSD/165,FXVolatility/EURUSD/165/15Y/0.1,0.08825769,0.00008826
FXVolatility/EURUSD/166,FXVolatility/EURUSD/166/20Y/0.1,0.08896502,0.00008897
FXVolatility/EURUSD/167,FXVolatility/EURUSD/167/30Y/0.1,0.09051222,0.00009051
FXVolatility/EURUSD/168,FXVolatility/EURUSD/168/2W/0.25,0.06513899,0.00006514
FXVolatility/EURUSD/169,FXVolatility/EURUSD/169/1M/0.25,0.06510380,0.00006510
FXVolatility/EURUSD/170,FXVolatility/EURUSD/170/3M/0.25,0.06648496,0.00006648
FXVolatility/EURUSD/171,FXVolatility/EURUSD/171/6M/0.25,0.06656721,0.00006657
FXVolatility/EURUSD/172,FXVolatility/EURUSD/172/1Y/0.25,0.06834333,0.00006834
FXVolatility/EURUSD/173,FXVolatility/EURUSD/173/2Y/0.25,0.07133512,0.00007134
FXVolatility/EURUSD/174,FXVolatility/EURUSD/174/3Y/0.25,0.07268328,0.00007268
FXVolatility/EURUSD/175,FXVolatility/EURUSD/175/5Y/0.25,0.07769139,0.00007769
FXVolatility/EURUSD/176,FXVolatility/EURUSD/176/10Y/0.25,0.08819956,0.00008820
FXVolatility/EURUSD/177,FXVolatility/EURUSD/177/15Y/0.25,0.08881132,0.00008881
FXVolatility/EURUSD/178,FXVolatility/EURUSD/178/20Y/0.25,0.09000109,0.00009000
FXVolatility/EURUSD/179,FXVolatility/EURUSD/179/30Y/0.25,0.09159546,0.00009160
FXVolatility/EURUSD/180,FXVolatility/EURUSD/180/2W/0.5,0.06513378,0.00006513
FXVolatility/EURUSD/181,FXVolatility/EURUSD/181/1M/0.5,0.06509829,0.00006510
FXVolatility/EURUSD/182,FXVolatility/EURUSD/182/3M/0.5,0.06643438,0.00006643
FXVolatility/EURUSD/183,FXVolatility/EURUSD/183/6M/0.5,0.06654405,0.00006654
FXVolatility/EURUSD/184,FXVolatility/EURUSD/184/1Y/0.5,0.06830154,0.00006830
FXVolatility/EURUSD/185,FXVolatility/EURUSD/185/2Y/0.5,0.07138620,0.00007139
FXVolatility/EURUSD/186,FXVolatility/EURUSD/186/3Y/0.5,0.07273897,0.00007274
FXVolatility/EURUSD/187,FXVolatility/EURUSD/187/5Y/0.5,0.07796647,0.00007797
FXVolatility/EURUSD/188,FXVolatility/EURUSD/188/10Y/0.5,0.08888782,0.00008889
FXVolatility/EURUSD/189,FXVolatility/EURUSD/189/15Y/0.5,0.09028794,0.00009029
FXVolatility/EURUSD/190,FXVolatility/EURUSD/190/20Y/0.5,0.09154822,0.00009155
FXVolatility/EURUSD/191,FXVolatility/EURUSD/191/30Y/0.5,0.09254765,0.00009255
FXVolatility/EURUSD/192,FXVolatility/EURUSD/192/2W/1,0.06526166,0.00006526
FXVolatility/EURUSD/193,FXVolatility/EURUSD/193/1M/1,0.06524999,0.00006525
FXVolatility/EURUSD/194,FXVolatility/EURUSD/194/3M/1,0.06662911,0.00006663
FXVolatility/EURUSD/195,FXVolatility/EURUSD/195/6M/1,0.06690218,0.00006690
FXVolatility/EURUSD/196,FXVolatility/EURUSD/196/1Y/1,0.06875582,0.00006876
FXVolatility/EURUSD/197,FXVolatility/EURUSD/197/2Y/1,0.07211252,0.00007211
FXVolatility/EURUSD/198,FXVolatility/EURUSD/198/3Y/1,0.07352961,0.00007353
FXVolatility/EURUSD/199,FXVolatility/EURUSD/199/5Y/1,0.07927317,0.00007927
FXVolatility/EURUSD/200,FXVolatility/EURUSD/200/10Y/1,0.09124948,0.00009125
FXVolatility/EURUSD/201,FXVolatility/EURUSD/201/15Y/1,0.09235004,0.00009235
FXVolatility/EURUSD/202,FXVolatility/EURUSD/202/20Y/1,0.09275462,0.00009275
FXVolatility/EURUSD/203,FXVolatility/EURUSD/203/30Y/1,0.09288587,0.00009289
FXVolatility/EURUSD/204,FXVolatility/EURUSD/204/2W/2,0.06507418,0.00006507
FXVolatility/EURUSD/205,FXVolatility/EURUSD/205/1M/2,0.06504077,0.00006504
FXVolatility/EURUSD/206,FXVolatility/EURUSD/206/3M/2,0.06623837,0.00006624
FXVolatility/EURUSD/207,FXVolatility/EURUSD/207/6M/2,0.06647065,0.00006647
FXVolatility/EURUSD/208,FXVolatility/EURUSD/208/1Y/2,0.06825839,0.00006826
FXVolatility/EURUSD/209,FXVolatility/EURUSD/209/2Y/2,0.07184589,0.00007185
FXVolatility/EURUSD/210,FXVolatility/EURUSD/210/3Y/2,0.07336206,0.00007336
FXVolatility/EURUSD/211,FXVolatility/EURUSD/211/5Y/2,0.07965824,0.00007966
FXVolatility/EURUSD/212,FXVolatility/EURUSD/212/10Y/2,0.09282691,0.00009283
FXVolatility/EURUSD/213,FXVolatility/EURUSD/213/15Y/2,0.09289360,0.00009289
FXVolatility/EURUSD/214,FXVolatility/EURUSD/214/20Y/2,0.09289975,0.00009290
FXVolatility/EURUSD/215,FXVolatility/EURUSD/215/30Y/2,0.09290061,0.00009290
FXVolatility/EURUSD/216,FXVolatility/EURUSD/216/2W/3,0.06498700,0.00006499
FXVolatility/EURUSD/217,FXVolatility/EURUSD/217/1M/3,0.06494168,0.00006494
FXVolatility/EURUSD/218,FXVolatility/EURUSD/218/3M/3,0.06606852,0.00006607
FXVolatility/EURUSD/219,FXVolatility/EURUSD/219/6M/3,0.06625718,0.00006626
FXVolatility/EURUSD/220,FXVolatility/EURUSD/220/1Y/3,0.06800376,0.00006800
FXVolatility/EURUSD/221,FXVolatility/EURUSD/221/2Y/3,0.07161681,0.00007162
FXVolatility/EURUSD/222,FXVolatility/EURUSD/222/3Y/3,0.07315134,0.00007315
FXVolatility/EURUSD/223,FXVolatility/EURUSD/223/5Y/3,0.07953320,0.00007953
FXVolatility/EURUSD/224,FXVolatility/EURUSD/224/10Y/3,0.09289058,0.00009289
FXVolatility/EURUSD/225,FXVolatility/EURUSD/225/15Y/3,0.09290055,0.00009290
FXVolatility/EURUSD/226,FXVolatility/EURUSD/226/20Y/3,0.09290063,0.00009290
FXVolatility/EURUSD/227,FXVolatility/EURUSD/227/30Y/3,0.09290063,0.00009290
FXVolatility/EURUSD/228,FXVolatility/EURUSD/228/2W/4,0.06498098,0.00006498
FXVolatility/EURUSD/229,FXVolatility/EURUSD/229/1M/4,0.06493484,0.00006493
FXVolatility/EURUSD/230,FXVolatility/EURUSD/230/3M/4,0.06605690,0.00006606
FXVolatility/EURUSD/231,FXVolatility/EURUSD/231/6M/4,0.06624252,0.00006624
FXVolatility/EURUSD/232,FXVolatility/EURUSD/232/1Y/4,0.06798638,0.00006799
FXVolatility/EURUSD/233,FXVolatility/EURUSD/233/2Y/4,0.07160096,0.00007160
FXVolatility/EURUSD/234,FXVolatility/EURUSD/234/3Y/4,0.07313671,0.00007314
FXVolatility/EURUSD/235,FXVolatility/EURUSD/235/5Y/4,0.07952370,0.00007952
FXVolatility/EURUSD/236,FXVolatility/EURUSD/236/10Y/4,0.09289228,0.00009289
FXVolatility/EURUSD/237,FXVolatility/EURUSD/237/15Y/4,0.09290063,0.00009290
FXVolatility/EURUSD/238,FXVolatility/EURUSD/238/20Y/4,0.09290063,0.00009290
FXVolatility/EURUSD/239,FXVolatility/EURUSD/239/30Y/4,0.09290063,0.00009290
FXVolatility/EURUSD/240,FXVolatility/EURUSD/240/2W/5,0.06498084,0.00006498
FXVolatility/EURUSD/241,FXVolatility/EURUSD/241/1M/5,0.06493467,0.00006493
FXVolatility/EURUSD/242,FXVolatility/EURUSD/242/3M/5,0.06605662,0.00006606
FXVolatility/EURUSD/243,FXVolatility/EURUSD/243/6M/5,0.06624217,0.00006624
FXVolatility/EURUSD/244,FXVolatility/EURUSD/244/1Y/5,0.06798597,0.00006799
FXVolatility/EURUSD/245,FXVolatility/EURUSD/245/2Y/5,0.07160060,0.00007160
FXVolatility/EURUSD/246,FXVolatility/EURUSD/246/3Y/5,0.07313637,0.00007314
FXVolatility/EURUSD/247,FXVolatility/EURUSD/247/5Y/5,0.07952348,0.00007952
FXVolatility/EURUSD/248,FXVolatility/EURUSD/248/10Y/5,0.09289232,0.00009289
FXVolatility/EURUSD/249,FXVolatility/EURUSD/249/15Y/5,0.09290063,0.00009290
FXVolatility/EURUSD/250,FXVolatility/EURUSD/250/20Y/5,0.09290063,0.00009290
FXVolatility/EURUSD/251,FXVolatility/EURUSD/251/30Y/5,0.09290063,0.00009290
FXVolatility/EURUSD/252,FXVolatility/EURUSD/252/2W/6,0.06498084,0.00006498
FXVolatility/EURUSD/253,FXVolatility/EURUSD/253/1M/6,0.06493467,0.00006493
FXVolatility/EURUSD/254,FXVolatility/EURUSD/254/3M/6,0.06605662,0.00006606
FXVolatility/EURUSD/255,FXVolatility/EURUSD/255/6M/6,0.06624217,0.00006624
FXVolatility/EURUSD/256,FXVolatility/EURUSD/256/1Y/6,0.06798597,0.00006799
FXVolatility/EURUSD/257,FXVolatility/EURUSD/257/2Y/6,0.07160059,0.00007160
FXVolatility/EURUSD/258,FXVolatility/EURUSD/258/3Y/6,0.07313637,0.00007314
FXVolatility/EURUSD/259,FXVolatility/EURUSD/259/5Y/6,0.07952348,0.00007952
FXVolatility/EURUSD/260,FXVolatility/EURUSD/260/10Y/6,0.09289232,0.00009289
FXVolatility/EURUSD/261,FXVolatility/EURUSD/261/15Y/6,0.09290063,0.00009290
FXVolatility/EURUSD/262,FXVolatility/EURUSD/262/20Y/6,0.09290063,0.00009290
FXVolatility/EURUSD/263,FXVolatility/EURUSD/263/30Y/6,0.09290063,0.00009290
FXVolatility/EURUSD/264,FXVolatility/EURUSD/264/2W/7,0.06498084,0.00006498
FXVolatility/EURUSD/265,FXVolatility/EURUSD/265/1M/7,0.06493467,0.00006493
FXVolatility/EURUSD/266,FXVolatility/EURUSD/266/3M/7,0.06605662,0.00006606
FXVolatility/EURUSD/267,FXVolatility/EURUSD/267/6M/7,0.06624217,0.00006624
FXVolatility/EURUSD/268,FXVolatility/EURUSD/268/1Y/7,0.06798597,0.00006799
FXVolatility/EURUSD/269,FXVolatility/EURUSD/269/2Y/7,0.07160059,0.00007160
FXVolatility/EURUSD/270,FXVolatility/EURUSD/270/3Y/7,0.07313637,0.00007314
FXVolatility/EURUSD/271,FXVolatility/EURUSD/271/5Y/7,0.07952348,0.00007952
FXVolatility/EURUSD/272,FXVolatility/EURUSD/272/10Y/7,0.09289232,0.00009289
FXVolatility/EURUSD/273,FXVolatility/EURUSD/273/15Y/7,0.09290063,0.00009290
FXVolatility/EURUSD/274,FXVolatility/EURUSD/274/20Y/7,0.09290063,0.00009290
FXVolatility/EURUSD/275,FXVolatility/EURUSD/275/30Y/7,0.09290063,0.00009290
EquitySpot/RIC:.SPX/0,EquitySpot/RIC:.SPX/0/spot,4518.44340000,4.51844340
EquitySpot/RIC:.STOXX50E/0,EquitySpot/RIC:.STOXX50E/0/spot,4337.50000000,4.33750000
EquityVolatility/RIC:.SPX/0,EquityVolatility/RIC:.SPX/0/2W/-3,0.20581348,0.00020581
EquityVolatility/RIC:.SPX/1,EquityVolatility/RIC:.SPX/1/1M/-3,0.22368434,0.00022368
EquityVolatility/RIC:.SPX/2,EquityVolatility/RIC:.SPX/2/3M/-3,0.20503496,0.00020503
EquityVolatility/RIC:.SPX/3,EquityVolatility/RIC:.SPX/3/6M/-3,0.20068418,0.00020068
EquityVolatility/RIC:.SPX/4,EquityVolatility/RIC:.SPX/4/1Y/-3,0.20593004,0.00020593
EquityVolatility/RIC:.SPX/5,EquityVolatility/RIC:.SPX/5/2Y/-3,0.21065932,0.00021066
EquityVolatility/RIC:.SPX/6,EquityVolatility/RIC:.SPX/6/3Y/-3,0.21649739,0.00021650
EquityVolatility/RIC:.SPX/7,EquityVolatility/RIC:.SPX/7/5Y/-3,0.22202766,0.00022203
EquityVolatility/RIC:.SPX/8,EquityVolatility/RIC:.SPX/8/10Y/-3,0.21950454,0.00021950
EquityVolatility/RIC:.SPX/9,EquityVolatility/RIC:.SPX/9/15Y/-3,0.21950454,0.00021950
EquityVolatility/RIC:.SPX/10,EquityVolatility/RIC:.SPX/10/20Y/-3,0.21950454,0.00021950
EquityVolatility/RIC:.SPX/11,EquityVolatility/RIC:.SPX/11/30Y/-3,0.21950454,0.00021950
EquityVolatility/RIC:.SPX/12,EquityVolatility/RIC:.SPX/12/2W/-2,0.17258870,0.00017259
EquityVolatility/RIC:.SPX/13,EquityVolatility/RIC:.SPX/13/1M/-2,0.19427937,0.00019428
EquityVolatility/RIC:.SPX/14,EquityVolatility/RIC:.SPX/14/3M/-2,0.20503496,0.00020503
EquityVolatility/RIC:.SPX/15,EquityVolatility/RIC:.SPX/15/6M/-2,0.20068418,0.00020068
EquityVolatility/RIC:.SPX/16,EquityVolatility/RIC:.SPX/16/1Y/-2,0.20593004,0.00020593
EquityVolatility/RIC:.SPX/17,EquityVolatility/RIC:.SPX/17/2Y/-2,0.21065932,0.00021066
EquityVolatility/RIC:.SPX/18,EquityVolatility/RIC:.SPX/18/3Y/-2,0.21649739,0.00021650
EquityVolatility/RIC:.SPX/19,EquityVolatility/RIC:.SPX/19/5Y/-2,0.22202766,0.00022203
EquityVolatility/RIC:.SPX/20,EquityVolatility/RIC:.SPX/20/10Y/-2,0.21950454,0.00021950
EquityVolatility/RIC:.SPX/21,EquityVolatility/RIC:.SPX/21/15Y/-2,0.21950454,0.00021950
EquityVolatility/RIC:.SPX/22,EquityVolatility/RIC:.SPX/22/20Y/-2,0.21950454,0.00021950
EquityVolatility/RIC:.SPX/23,EquityVolatility/RIC:.SPX/23/30Y/-2,0.21950454,0.00021950
EquityVolatility/RIC:.SPX/24,EquityVolatility/RIC:.SPX/24/2W/-1,0.14292666,0.00014293
EquityVolatility/RIC:.SPX/25,EquityVolatility/RIC:.SPX/25/1M/-1,0.15823542,0.00015824
EquityVolatility/RIC:.SPX/26,EquityVolatility/RIC:.SPX/26/3M/-1,0.17829192,0.00017829
EquityVolatility/RIC:.SPX/27,EquityVolatility/RIC:.SPX/27/6M/-1,0.19210814,0.00019211
EquityVolatility/RIC:.SPX/28,EquityVolatility/RIC:.SPX/28/1Y/-1,0.20593004,0.00020593
EquityVolatility/RIC:.SPX/29,EquityVolatility/RIC:.SPX/29/2Y/-1,0.21065932,0.00021066
EquityVolatility/RIC:.SPX/30,EquityVolatility/RIC:.SPX/30/3Y/-1,0.21649739,0.00021650
EquityVolatility/RIC:.SPX/31,EquityVolatility/RIC:.SPX/31/5Y/-1,0.22202766,0.00022203
EquityVolatility/RIC:.SPX/32,EquityVolatility/RIC:.SPX/32/10Y/-1,0.21950454,0.00021950
EquityVolatility/RIC:.SPX/33,EquityVolatility/RIC:.SPX/33/15Y/-1,0.21950454,0.00021950
EquityVolatility/RIC:.SPX/34,EquityVolatility/RIC:.SPX/34/20Y/-1,0.21950454,0.00021950
EquityVolatility/RIC:.SPX/35,EquityVolatility/RIC:.SPX/35/30Y/-1,0.21950454,0.00021950
EquityVolatility/RIC:.SPX/36,EquityVolatility/RIC:.SPX/36/2W/-0.5,0.12932824,0.00012933
EquityVolatility/RIC:.SPX/37,EquityVolatility/RIC:.SPX/37/1M/-0.5,0.14086431,0.00014086
EquityVolatility/RIC:.SPX/38,EquityVolatility/RIC:.SPX/38/3M/-0.5,0.15604695,0.00015605
EquityVolatility/RIC:.SPX/39,EquityVolatility/RIC:.SPX/39/6M/-0.5,0.16732212,0.00016732
EquityVolatility/RIC:.SPX/40,EquityVolatility/RIC:.SPX/40/1Y/-0.5,0.18597360,0.00018597
EquityVolatility/RIC:.SPX/41,EquityVolatility/RIC:.SPX/41/2Y/-0.5,0.20163524,0.00020164
EquityVolatility/RIC:.SPX/42,EquityVolatility/RIC:.SPX/42/3Y/-0.5,0.21140979,0.00021141
EquityVolatility/RIC:.SPX/43,EquityVolatility/RIC:.SPX/43/5Y/-0.5,0.21859151,0.00021859
EquityVolatility/RIC:.SPX/44,EquityVolatility/RIC:.SPX/44/10Y/-0.5,0.22082648,0.00022083
EquityVolatility/RIC:.SPX/45,EquityVolatility/RIC:.SPX/45/15Y/-0.5,0.20625600,0.00020626
EquityVolatility/RIC:.SPX/46,EquityVolatility/RIC:.SPX/46/20Y/-0.5,0.20625600,0.00020626
EquityVolatility/RIC:.SPX/47,EquityVolatility/RIC:.SPX/47/30Y/-0.5,0.20625600,0.00020626
EquityVolatility/RIC:.SPX/48,EquityVolatility/RIC:.SPX/48/2W/-0.25,0.12270771,0.00012271
EquityVolatility/RIC:.SPX/49,EquityVolatility/RIC:.SPX/49/1M/-0.25,0.13238330,0.00013238
EquityVolatility/RIC:.SPX/50,EquityVolatility/RIC:.SPX/50/3M/-0.25,0.14462131,0.00014462
EquityVolatility/RIC:.SPX/51,EquityVolatility/RIC:.SPX/51/6M/-0.25,0.15459103,0.00015459
EquityVolatility/RIC:.SPX/52,EquityVolatility/RIC:.SPX/52/1Y/-0.25,0.17072088,0.00017072
EquityVolatility/RIC:.SPX/53,EquityVolatility/RIC:.SPX/53/2Y/-0.25,0.18518742,0.00018519
EquityVolatility/RIC:.SPX/54,EquityVolatility/RIC:.SPX/54/3Y/-0.25,0.19550823,0.00019551
EquityVolatility/RIC:.SPX/55,EquityVolatility/RIC:.SPX/55/5Y/-0.25,0.20760728,0.00020761
EquityVolatility/RIC:.SPX/56,EquityVolatility/RIC:.SPX/56/10Y/-0.25,0.20625600,0.00020626
EquityVolatility/RIC:.SPX/57,EquityVolatility/RIC:.SPX/57/15Y/-0.25,0.20625600,0.00020626
EquityVolatility/RIC:.SPX/58,EquityVolatility/RIC:.SPX/58/20Y/-0.25,0.20625600,0.00020626
EquityVolatility/RIC:.SPX/59,EquityVolatility/RIC:.SPX/59/30Y/-0.25,0.20625600,0.00020626
EquityVolatility/RIC:.SPX/60,EquityVolatility/RIC:.SPX/60/2W/-0.1,0.11902640,0.00011903
EquityVolatility/RIC:.SPX/61,EquityVolatility/RIC:.SPX/61/1M/-0.1,0.12745841,0.00012746
EquityVolatility/RIC:.SPX/62,EquityVolatility/RIC:.SPX/62/3M/-0.1,0.13791039,0.00013791
EquityVolatility/RIC:.SPX/63,EquityVolatility/RIC:.SPX/63/6M/-0.1,0.14684941,0.00014685
EquityVolatility/RIC:.SPX/64,EquityVolatility/RIC:.SPX/64/1Y/-0.1,0.16468711,0.00016469
EquityVolatility/RIC:.SPX/65,EquityVolatility/RIC:.SPX/65/2Y/-0.1,0.18355295,0.00018355
EquityVolatility/RIC:.SPX/66,EquityVolatility/RIC:.SPX/66/3Y/-0.1,0.19544142,0.00019544
EquityVolatility/RIC:.SPX/67,EquityVolatility/RIC:.SPX/67/5Y/-0.1,0.20760728,0.00020761
EquityVolatility/RIC:.SPX/68,EquityVolatility/RIC:.SPX/68/10Y/-0.1,0.20625600,0.00020626
EquityVolatility/RIC:.SPX/69,EquityVolatility/RIC:.SPX/69/15Y/-0.1,0.20625600,0.00020626
EquityVolatility/RIC:.SPX/70,EquityVolatility/RIC:.SPX/70/20Y/-0.1,0.20625600,0.00020626
EquityVolatility/RIC:.SPX/71,EquityVolatility/RIC:.SPX/71/30Y/-0.1,0.20625600,0.00020626
EquityVolatility/RIC:.SPX/72,EquityVolatility/RIC:.SPX/72/2W/-0.05,0.11781920,0.00011782
EquityVolatility/RIC:.SPX/73,EquityVolatility/RIC:.SPX/73/1M/-0.05,0.12582045,0.00012582
EquityVolatility/RIC:.SPX/74,EquityVolatility/RIC:.SPX/74/3M/-0.05,0.13571474,0.00013571
EquityVolatility/RIC:.SPX/75,EquityVolatility/RIC:.SPX/75/6M/-0.05,0.14441745,0.00014442
EquityVolatility/RIC:.SPX/76,EquityVolatility/RIC:.SPX/76/1Y/-0.05,0.16468711,0.00016469
EquityVolatility/RIC:.SPX/77,EquityVolatility/RIC:.SPX/77/2Y/-0.05,0.18355295,0.00018355
EquityVolatility/RIC:.SPX/78,EquityVolatility/RIC:.SPX/78/3Y/-0.05,0.19544142,0.00019544
EquityVolatility/RIC:.SPX/79,EquityVolatility/RIC:.SPX/79/5Y/-0.05,0.20760728,0.00020761
EquityVolatility/RIC:.SPX/80,EquityVolatility/RIC:.SPX/80/10Y/-0.05,0.20625600,0.00020626
EquityVolatility/RIC:.SPX/81,EquityVolatility/RIC:.SPX/81/15Y/-0.05,0.20625600,0.00020626
EquityVolatility/RIC:.SPX/82,EquityVolatility/RIC:.SPX/82/20Y/-0.05,0.20625600,0.00020626
EquityVolatility/RIC:.SPX/83,EquityVolatility/RIC:.SPX/83/30Y/-0.05,0.20625600,0.00020626
EquityVolatility/RIC:.SPX/84,EquityVolatility/RIC:.SPX/84/2W/ATM,0.11653157,0.00011653
EquityVolatility/RIC:.SPX/85,EquityVolatility/RIC:.SPX/85/1M/ATM,0.12426264,0.00012426
EquityVolatility/RIC:.SPX/86,EquityVolatility/RIC:.SPX/86/3M/ATM,0.13353187,0.00013353
EquityVolatility/RIC:.SPX/87,EquityVolatility/RIC:.SPX/87/6M/ATM,0.14441745,0.00014442
EquityVolatility/RIC:.SPX/88,EquityVolatility/RIC:.SPX/88/1Y/ATM,0.16468711,0.00016469
EquityVolatility/RIC:.SPX/89,EquityVolatility/RIC:.SPX/89/2Y/ATM,0.18355295,0.00018355
EquityVolatility/RIC:.SPX/90,EquityVolatility/RIC:.SPX/90/3Y/ATM,0.19544142,0.00019544
EquityVolatility/RIC:.SPX/91,EquityVolatility/RIC:.SPX/91/5Y/ATM,0.20760728,0.00020761
EquityVolatility/RIC:.SPX/92,EquityVolatility/RIC:.SPX/92/10Y/ATM,0.20625600,0.00020626
EquityVolatility/RIC:.SPX/93,EquityVolatility/RIC:.SPX/93/15Y/ATM,0.20625600,0.00020626
EquityVolatility/RIC:.SPX/94,EquityVolatility/RIC:.SPX/94/20Y/ATM,0.20625600,0.00020626
EquityVolatility/RIC:.SPX/95,EquityVolatility/RIC:.SPX/95/30Y/ATM,0.20625600,0.00020626
EquityVolatility/RIC:.SPX/96,EquityVolatility/RIC:.SPX/96/2W/0.05,0.11540297,0.00011540
EquityVolatility/RIC:.SPX/97,EquityVolatility/RIC:.SPX/97/1M/0.05,0.12266468,0.00012266
EquityVolatility/RIC:.SPX/98,EquityVolatility/RIC:.SPX/98/3M/0.05,0.13140031,0.00013140
EquityVolatility/RIC:.SPX/99,EquityVolatility/RIC:.SPX/99/6M/0.05,0.14441745,0.00014442
EquityVolatility/RIC:.SPX/100,EquityVolatility/RIC:.SPX/100/1Y/0.05,0.16468711,0.00016469
EquityVolatility/RIC:.SPX/101,EquityVolatility/RIC:.SPX/101/2Y/0.05,0.18355295,0.00018355
EquityVolatility/RIC:.SPX/102,EquityVolatility/RIC:.SPX/102/3Y/0.05,0.19544142,0.00019544
EquityVolatility/RIC:.SPX/103,EquityVolatility/RIC:.SPX/103/5Y/0.05,0.20760728,0.00020761
EquityVolatility/RIC:.SPX/104,EquityVolatility/RIC:.SPX/104/10Y/0.05,0.20625600,0.00020626
EquityVolatility/RIC:.SPX/105,EquityVolatility/RIC:.SPX/105/15Y/0.05,0.20625600,0.00020626
EquityVolatility/RIC:.SPX/106,EquityVolatility/RIC:.SPX/106/20Y/0.05,0.20625600,0.00020626
EquityVolatility/RIC:.SPX/107,EquityVolatility/RIC:.SPX/107/30Y/0.05,0.20625600,0.00020626
EquityVolatility/RIC:.SPX/108,EquityVolatility/RIC:.SPX/108/2W/0.1,0.11420558,0.00011421
EquityVolatility/RIC:.SPX/109,EquityVolatility/RIC:.SPX/109/1M/0.1,0.12105464,0.00012105
EquityVolatility/RIC:.SPX/110,EquityVolatility/RIC:.SPX/110/3M/0.1,0.12939266,0.00012939
EquityVolatility/RIC:.SPX/111,EquityVolatility/RIC:.SPX/111/6M/0.1,0.14441745,0.00014442
EquityVolatility/RIC:.SPX/112,EquityVolatility/RIC:.SPX/112/1Y/0.1,0.16468711,0.00016469
EquityVolatility/RIC:.SPX/113,EquityVolatility/RIC:.SPX/113/2Y/0.1,0.18355295,0.00018355
EquityVolatility/RIC:.SPX/114,EquityVolatility/RIC:.SPX/114/3Y/0.1,0.19544142,0.00019544
EquityVolatility/RIC:.SPX/115,EquityVolatility/RIC:.SPX/115/5Y/0.1,0.20760728,0.00020761
EquityVolatility/RIC:.SPX/116,EquityVolatility/RIC:.SPX/116/10Y/0.1,0.20625600,0.00020626
EquityVolatility/RIC:.SPX/117,EquityVolatility/RIC:.SPX/117/15Y/0.1,0.20625600,0.00020626
EquityVolatility/RIC:.SPX/118,EquityVolatility/RIC:.SPX/118/20Y/0.1,0.20625600,0.00020626
EquityVolatility/RIC:.SPX/119,EquityVolatility/RIC:.SPX/119/30Y/0.1,0.20625600,0.00020626
EquityVolatility/RIC:.SPX/120,EquityVolatility/RIC:.SPX/120/2W/0.25,0.11091091,0.00011091
EquityVolatility/RIC:.SPX/121,EquityVolatility/RIC:.SPX/121/1M/0.25,0.11670851,0.00011671
EquityVolatility/RIC:.SPX/122,EquityVolatility/RIC:.SPX/122/3M/0.25,0.12939266,0.00012939
EquityVolatility/RIC:.SPX/123,EquityVolatility/RIC:.SPX/123/6M/0.25,0.14441745,0.00014442
EquityVolatility/RIC:.SPX/124,EquityVolatility/RIC:.SPX/124/1Y/0.25,0.16468711,0.00016469
EquityVolatility/RIC:.SPX/125,EquityVolatility/RIC:.SPX/125/2Y/0.25,0.18355295,0.00018355
EquityVolatility/RIC:.SPX/126,EquityVolatility/RIC:.SPX/126/3Y/0.25,0.19544142,0.00019544
EquityVolatility/RIC:.SPX/127,EquityVolatility/RIC:.SPX/127/5Y/0.25,0.20760728,0.00020761
EquityVolatility/RIC:.SPX/128,EquityVolatility/RIC:.SPX/128/10Y/0.25,0.20625600,0.00020626
EquityVolatility/RIC:.SPX/129,EquityVolatility/RIC:.SPX/129/15Y/0.25,0.20625600,0.00020626
EquityVolatility/RIC:.SPX/130,EquityVolatility/RIC:.SPX/130/20Y/0.25,0.20625600,0.00020626
EquityVolatility/RIC:.SPX/131,EquityVolatility/RIC:.SPX/131/30Y/0.25,0.20625600,0.00020626
EquityVolatility/RIC:.SPX/132,EquityVolatility/RIC:.SPX/132/2W/0.5,0.10569339,0.00010569
EquityVolatility/RIC:.SPX/133,EquityVolatility/RIC:.SPX/133/1M/0.5,0.11263138,0.00011263
EquityVolatility/RIC:.SPX/134,EquityVolatility/RIC:.SPX/134/3M/0.5,0.12939266,0.00012939
EquityVolatility/RIC:.SPX/135,EquityVolatility/RIC:.SPX/135/6M/0.5,0.14441745,0.00014442
EquityVolatility/RIC:.SPX/136,EquityVolatility/RIC:.SPX/136/1Y/0.5,0.16468711,0.00016469
EquityVolatility/RIC:.SPX/137,EquityVolatility/RIC:.SPX/137/2Y/0.5,0.18355295,0.00018355
EquityVolatility/RIC:.SPX/138,EquityVolatility/RIC:.SPX/138/3Y/0.5,0.19544142,0.00019544
EquityVolatility/RIC:.SPX/139,EquityVolatility/RIC:.SPX/139/5Y/0.5,0.20760728,0.00020761
EquityVolatility/RIC:.SPX/140,EquityVolatility/RIC:.SPX/140/10Y/0.5,0.20625600,0.00020626
EquityVolatility/RIC:.SPX/141,EquityVolatility/RIC:.SPX/141/15Y/0.5,0.20625600,0.00020626
EquityVolatility/RIC:.SPX/142,EquityVolatility/RIC:.SPX/142/20Y/0.5,0.20625600,0.00020626
EquityVolatility/RIC:.SPX/143,EquityVolatility/RIC:.SPX/143/30Y/0.5,0.20625600,0.00020626
EquityVolatility/RIC:.SPX/144,EquityVolatility/RIC:.SPX/144/2W/1,0.10207703,0.00010208
EquityVolatility/RIC:.SPX/145,EquityVolatility/RIC:.SPX/145/1M/1,0.11263138,0.00011263
EquityVolatility/RIC:.SPX/146,EquityVolatility/RIC:.SPX/146/3M/1,0.12939266,0.00012939
EquityVolatility/RIC:.SPX/147,EquityVolatility/RIC:.SPX/147/6M/1,0.14441745,0.00014442
EquityVolatility/RIC:.SPX/148,EquityVolatility/RIC:.SPX/148/1Y/1,0.16468711,0.00016469
EquityVolatility/RIC:.SPX/149,EquityVolatility/RIC:.SPX/149/2Y/1,0.18355295,0.00018355
EquityVolatility/RIC:.SPX/150,EquityVolatility/RIC:.SPX/150/3Y/1,0.19544142,0.00019544
EquityVolatility/RIC:.SPX/151,EquityVolatility/RIC:.SPX/151/5Y/1,0.20760728,0.00020761
EquityVolatility/RIC:.SPX/152,EquityVolatility/RIC:.SPX/152/10Y/1,0.20625600,0.00020626
EquityVolatility/RIC:.SPX/153,EquityVolatility/RIC:.SPX/153/15Y/1,0.20625600,0.00020626
EquityVolatility/RIC:.SPX/154,EquityVolatility/RIC:.SPX/154/20Y/1,0.20625600,0.00020626
EquityVolatility/RIC:.SPX/155,EquityVolatility/RIC:.SPX/155/30Y/1,0.20625600,0.00020626
EquityVolatility/RIC:.SPX/156,EquityVolatility/RIC:.SPX/156/2W/2,0.10207703,0.00010208
EquityVolatility/RIC:.SPX/157,EquityVolatility/RIC:.SPX/157/1M/2,0.11263138,0.00011263
EquityVolatility/RIC:.SPX/158,EquityVolatility/RIC:.SPX/158/3M/2,0.12939266,0.00012939
EquityVolatility/RIC:.SPX/159,EquityVolatility/RIC:.SPX/159/6M/2,0.14441745,0.00014442
EquityVolatility/RIC:.SPX/160,EquityVolatility/RIC:.SPX/160/1Y/2,0.16468711,0.00016469
EquityVolatility/RIC:.SPX/161,EquityVolatility/RIC:.SPX/161/2Y/2,0.18355295,0.00018355
EquityVolatility/RIC:.SPX/162,EquityVolatility/RIC:.SPX/162/3Y/2,0.19544142,0.00019544
EquityVolatility/RIC:.SPX/163,EquityVolatility/RIC:.SPX/163/5Y/2,0.20760728,0.00020761
EquityVolatility/RIC:.SPX/164,EquityVolatility/RIC:.SPX/164/10Y/2,0.20625600,0.00020626
EquityVolatility/RIC:.SPX/165,EquityVolatility/RIC:.SPX/165/15Y/2,0.20625600,0.00020626
EquityVolatility/RIC:.SPX/166,EquityVolatility/RIC:.SPX/166/20Y/2,0.20625600,0.00020626
EquityVolatility/RIC:.SPX/167,EquityVolatility/RIC:.SPX/167/30Y/2,0.20625600,0.00020626
EquityVolatility/RIC:.SPX/168,EquityVolatility/RIC:.SPX/168/2W/3,0.10207703,0.00010208
EquityVolatility/RIC:.SPX/169,EquityVolatility/RIC:.SPX/169/1M/3,0.11263138,0.00011263
EquityVolatility/RIC:.SPX/170,EquityVolatility/RIC:.SPX/170/3M/3,0.12939266,0.00012939
EquityVolatility/RIC:.SPX/171,EquityVolatility/RIC:.SPX/171/6M/3,0.14441745,0.00014442
EquityVolatility/RIC:.SPX/172,EquityVolatility/RIC:.SPX/172/1Y/3,0.16468711,0.00016469
EquityVolatility/RIC:.SPX/173,EquityVolatility/RIC:.SPX/173/2Y/3,0.18355295,0.00018355
EquityVolatility/RIC:.SPX/174,EquityVolatility/RIC:.SPX/174/3Y/3,0.19544142,0.00019544
EquityVolatility/RIC:.SPX/175,EquityVolatility/RIC:.SPX/175/5Y/3,0.20760728,0.00020761
EquityVolatility/RIC:.SPX/176,EquityVolatility/RIC:.SPX/176/10Y/3,0.20625600,0.00020626
EquityVolatility/RIC:.SPX/177,EquityVolatility/RIC:.SPX/177/15Y/3,0.20625600,0.00020626
EquityVolatility/RIC:.SPX/178,EquityVolatility/RIC:.SPX/178/20Y/3,0.20625600,0.00020626
EquityVolatility/RIC:.SPX/179,EquityVolatility/RIC:.SPX/179/30Y/3,0.20625600,0.00020626
EquityVolatility/RIC:.STOXX50E/0,EquityVolatility/RIC:.STOXX50E/0/2W/-3,0.21782106,0.00021782
EquityVolatility/RIC:.STOXX50E/1,EquityVolatility/RIC:.STOXX50E/1/1M/-3,0.20399829,0.00020400
EquityVolatility/RIC:.STOXX50E/2,EquityVolatility/RIC:.STOXX50E/2/3M/-3,0.19455797,0.00019456
EquityVolatility/RIC:.STOXX50E/3,EquityVolatility/RIC:.STOXX50E/3/6M/-3,0.19141292,0.00019141
EquityVolatility/RIC:.STOXX50E/4,EquityVolatility/RIC:.STOXX50E/4/1Y/-3,0.20707989,0.00020708
EquityVolatility/RIC:.STOXX50E/5,EquityVolatility/RIC:.STOXX50E/5/2Y/-3,0.21542623,0.00021543
EquityVolatility/RIC:.STOXX50E/6,EquityVolatility/RIC:.STOXX50E/6/3Y/-3,0.22307260,0.00022307
EquityVolatility/RIC:.STOXX50E/7,EquityVolatility/RIC:.STOXX50E/7/5Y/-3,0.23338707,0.00023339
EquityVolatility/RIC:.STOXX50E/8,EquityVolatility/RIC:.STOXX50E/8/10Y/-3,0.25922761,0.00025923
EquityVolatility/RIC:.STOXX50E/9,EquityVolatility/RIC:.STOXX50E/9/15Y/-3,0.27281351,0.00027281
EquityVolatility/RIC:.STOXX50E/10,EquityVolatility/RIC:.STOXX50E/10/20Y/-3,0.27935083,0.00027935
EquityVolatility/RIC:.STOXX50E/11,EquityVolatility/RIC:.STOXX50E/11/30Y/-3,0.28574959,0.00028575
EquityVolatility/RIC:.STOXX50E/12,EquityVolatility/RIC:.STOXX50E/12/2W/-2,0.21782106,0.00021782
EquityVolatility/RIC:.STOXX50E/13,EquityVolatility/RIC:.STOXX50E/13/1M/-2,0.20399829,0.00020400
EquityVolatility/RIC:.STOXX50E/14,EquityVolatility/RIC:.STOXX50E/14/3M/-2,0.19455797,0.00019456
EquityVolatility/RIC:.STOXX50E/15,EquityVolatility/RIC:.STOXX50E/15/6M/-2,0.19141292,0.00019141
EquityVolatility/RIC:.STOXX50E/16,EquityVolatility/RIC:.STOXX50E/16/1Y/-2,0.20707989,0.00020708
EquityVolatility/RIC:.STOXX50E/17,EquityVolatility/RIC:.STOXX50E/17/2Y/-2,0.21542623,0.00021543
EquityVolatility/RIC:.STOXX50E/18,EquityVolatility/RIC:.STOXX50E/18/3Y/-2,0.22307260,0.00022307
EquityVolatility/RIC:.STOXX50E/19,EquityVolatility/RIC:.STOXX50E/19/5Y/-2,0.23338707,0.00023339
EquityVolatility/RIC:.STOXX50E/20,EquityVolatility/RIC:.STOXX50E/20/10Y/-2,0.25922761,0.00025923
EquityVolatility/RIC:.STOXX50E/21,EquityVolatility/RIC:.STOXX50E/21/15Y/-2,0.27281351,0.00027281
EquityVolatility/RIC:.STOXX50E/22,EquityVolatility/RIC:.STOXX50E/22/20Y/-2,0.27935083,0.00027935
EquityVolatility/RIC:.STOXX50E/23,EquityVolatility/RIC:.STOXX50E/23/30Y/-2,0.28574959,0.00028575
EquityVolatility/RIC:.STOXX50E/24,EquityVolatility/RIC:.STOXX50E/24/2W/-1,0.18950295,0.00018950
EquityVolatility/RIC:.STOXX50E/25,EquityVolatility/RIC:.STOXX50E/25/1M/-1,0.19247337,0.00019247
EquityVolatility/RIC:.STOXX50E/26,EquityVolatility/RIC:.STOXX50E/26/3M/-1,0.19455797,0.00019456
EquityVolatility/RIC:.STOXX50E/27,EquityVolatility/RIC:.STOXX50E/27/6M/-1,0.19141292,0.00019141
EquityVolatility/RIC:.STOXX50E/28,EquityVolatility/RIC:.STOXX50E/28/1Y/-1,0.20707989,0.00020708
EquityVolatility/RIC:.STOXX50E/29,EquityVolatility/RIC:.STOXX50E/29/2Y/-1,0.21542623,0.00021543
EquityVolatility/RIC:.STOXX50E/30,EquityVolatility/RIC:.STOXX50E/30/3Y/-1,0.22307260,0.00022307
EquityVolatility/RIC:.STOXX50E/31,EquityVolatility/RIC:.STOXX50E/31/5Y/-1,0.23338707,0.00023339
EquityVolatility/RIC:.STOXX50E/32,EquityVolatility/RIC:.STOXX50E/32/10Y/-1,0.25922761,0.00025923
EquityVolatility/RIC:.STOXX50E/33,EquityVolatility/RIC:.STOXX50E/33/15Y/-1,0.27281351,0.00027281
EquityVolatility/RIC:.STOXX50E/34,EquityVolatility/RIC:.STOXX50E/34/20Y/-1,0.27935083,0.00027935
EquityVolatility/RIC:.STOXX50E/35,EquityVolatility/RIC:.STOXX50E/35/30Y/-1,0.28574959,0.00028575
EquityVolatility/RIC:.STOXX50E/36,EquityVolatility/RIC:.STOXX50E/36/2W/-0.5,0.17388614,0.00017389
EquityVolatility/RIC:.STOXX50E/37,EquityVolatility/RIC:.STOXX50E/37/1M/-0.5,0.17387624,0.00017388
EquityVolatility/RIC:.STOXX50E/38,EquityVolatility/RIC:.STOXX50E/38/3M/-0.5,0.17990677,0.00017991
EquityVolatility/RIC:.STOXX50E/39,EquityVolatility/RIC:.STOXX50E/39/6M/-0.5,0.18360598,0.00018361
EquityVolatility/RIC:.STOXX50E/40,EquityVolatility/RIC:.STOXX50E/40/1Y/-0.5,0.20482322,0.00020482
EquityVolatility/RIC:.STOXX50E/41,EquityVolatility/RIC:.STOXX50E/41/2Y/-0.5,0.21542623,0.00021543
EquityVolatility/RIC:.STOXX50E/42,EquityVolatility/RIC:.STOXX50E/42/3Y/-0.5,0.22307260,0.00022307
EquityVolatility/RIC:.STOXX50E/43,EquityVolatility/RIC:.STOXX50E/43/5Y/-0.5,0.23338707,0.00023339
EquityVolatility/RIC:.STOXX50E/44,EquityVolatility/RIC:.STOXX50E/44/10Y/-0.5,0.25922761,0.00025923
EquityVolatility/RIC:.STOXX50E/45,EquityVolatility/RIC:.STOXX50E/45/15Y/-0.5,0.27281351,0.00027281
EquityVolatility/RIC:.STOXX50E/46,EquityVolatility/RIC:.STOXX50E/46/20Y/-0.5,0.27991842,0.00027992
EquityVolatility/RIC:.STOXX50E/47,EquityVolatility/RIC:.STOXX50E/47/30Y/-0.5,0.28955045,0.00028955
EquityVolatility/RIC:.STOXX50E/48,EquityVolatility/RIC:.STOXX50E/48/2W/-0.25,0.16661572,0.00016662
EquityVolatility/RIC:.STOXX50E/49,EquityVolatility/RIC:.STOXX50E/49/1M/-0.25,0.16468778,0.00016469
EquityVolatility/RIC:.STOXX50E/50,EquityVolatility/RIC:.STOXX50E/50/3M/-0.25,0.16885016,0.00016885
EquityVolatility/RIC:.STOXX50E/51,EquityVolatility/RIC:.STOXX50E/51/6M/-0.25,0.17237182,0.00017237
EquityVolatility/RIC:.STOXX50E/52,EquityVolatility/RIC:.STOXX50E/52/1Y/-0.25,0.19532745,0.00019533
EquityVolatility/RIC:.STOXX50E/53,EquityVolatility/RIC:.STOXX50E/53/2Y/-0.25,0.20856064,0.00020856
EquityVolatility/RIC:.STOXX50E/54,EquityVolatility/RIC:.STOXX50E/54/3Y/-0.25,0.21714043,0.00021714
EquityVolatility/RIC:.STOXX50E/55,EquityVolatility/RIC:.STOXX50E/55/5Y/-0.25,0.22958198,0.00022958
EquityVolatility/RIC:.STOXX50E/56,EquityVolatility/RIC:.STOXX50E/56/10Y/-0.25,0.26142013,0.00026142
EquityVolatility/RIC:.STOXX50E/57,EquityVolatility/RIC:.STOXX50E/57/15Y/-0.25,0.27790495,0.00027790
EquityVolatility/RIC:.STOXX50E/58,EquityVolatility/RIC:.STOXX50E/58/20Y/-0.25,0.28578142,0.00028578
EquityVolatility/RIC:.STOXX50E/59,EquityVolatility/RIC:.STOXX50E/59/30Y/-0.25,0.29345969,0.00029346
EquityVolatility/RIC:.STOXX50E/60,EquityVolatility/RIC:.STOXX50E/60/2W/-0.1,0.16323925,0.00016324
EquityVolatility/RIC:.STOXX50E/61,EquityVolatility/RIC:.STOXX50E/61/1M/-0.1,0.15948979,0.00015949
EquityVolatility/RIC:.STOXX50E/62,EquityVolatility/RIC:.STOXX50E/62/3M/-0.1,0.16246997,0.00016247
EquityVolatility/RIC:.STOXX50E/63,EquityVolatility/RIC:.STOXX50E/63/6M/-0.1,0.16599172,0.00016599
EquityVolatility/RIC:.STOXX50E/64,EquityVolatility/RIC:.STOXX50E/64/1Y/-0.1,0.19066982,0.00019067
EquityVolatility/RIC:.STOXX50E/65,EquityVolatility/RIC:.STOXX50E/65/2Y/-0.1,0.20478277,0.00020478
EquityVolatility/RIC:.STOXX50E/66,EquityVolatility/RIC:.STOXX50E/66/3Y/-0.1,0.21345128,0.00021345
EquityVolatility/RIC:.STOXX50E/67,EquityVolatility/RIC:.STOXX50E/67/5Y/-0.1,0.22845548,0.00022846
EquityVolatility/RIC:.STOXX50E/68,EquityVolatility/RIC:.STOXX50E/68/10Y/-0.1,0.26142013,0.00026142
EquityVolatility/RIC:.STOXX50E/69,EquityVolatility/RIC:.STOXX50E/69/15Y/-0.1,0.27790495,0.00027790
EquityVolatility/RIC:.STOXX50E/70,EquityVolatility/RIC:.STOXX50E/70/20Y/-0.1,0.28578142,0.00028578
EquityVolatility/RIC:.STOXX50E/71,EquityVolatility/RIC:.STOXX50E/71/30Y/-0.1,0.29345969,0.00029346
EquityVolatility/RIC:.STOXX50E/72,EquityVolatility/RIC:.STOXX50E/72/2W/-0.05,0.16317767,0.00016318
EquityVolatility/RIC:.STOXX50E/73,EquityVolatility/RIC:.STOXX50E/73/1M/-0.05,0.15807435,0.00015807
EquityVolatility/RIC:.STOXX50E/74,EquityVolatility/RIC:.STOXX50E/74/3M/-0.05,0.16012823,0.00016013
EquityVolatility/RIC:.STOXX50E/75,EquityVolatility/RIC:.STOXX50E/75/6M/-0.05,0.16391421,0.00016391
EquityVolatility/RIC:.STOXX50E/76,EquityVolatility/RIC:.STOXX50E/76/1Y/-0.05,0.18943864,0.00018944
EquityVolatility/RIC:.STOXX50E/77,EquityVolatility/RIC:.STOXX50E/77/2Y/-0.05,0.20400479,0.00020400
EquityVolatility/RIC:.STOXX50E/78,EquityVolatility/RIC:.STOXX50E/78/3Y/-0.05,0.21345128,0.00021345
EquityVolatility/RIC:.STOXX50E/79,EquityVolatility/RIC:.STOXX50E/79/5Y/-0.05,0.22845548,0.00022846
EquityVolatility/RIC:.STOXX50E/80,EquityVolatility/RIC:.STOXX50E/80/10Y/-0.05,0.26142013,0.00026142
EquityVolatility/RIC:.STOXX50E/81,EquityVolatility/RIC:.STOXX50E/81/15Y/-0.05,0.27790495,0.00027790
EquityVolatility/RIC:.STOXX50E/82,EquityVolatility/RIC:.STOXX50E/82/20Y/-0.05,0.28578142,0.00028578
EquityVolatility/RIC:.STOXX50E/83,EquityVolatility/RIC:.STOXX50E/83/30Y/-0.05,0.29345969,0.00029346
EquityVolatility/RIC:.STOXX50E/84,EquityVolatility/RIC:.STOXX50E/84/2W/ATM,0.16311596,0.00016312
EquityVolatility/RIC:.STOXX50E/85,EquityVolatility/RIC:.STOXX50E/85/1M/ATM,0.15679414,0.00015679
EquityVolatility/RIC:.STOXX50E/86,EquityVolatility/RIC:.STOXX50E/86/3M/ATM,0.15711312,0.00015711
EquityVolatility/RIC:.STOXX50E/87,EquityVolatility/RIC:.STOXX50E/87/6M/ATM,0.15887929,0.00015888
EquityVolatility/RIC:.STOXX50E/88,EquityVolatility/RIC:.STOXX50E/88/1Y/ATM,0.16889082,0.00016889
EquityVolatility/RIC:.STOXX50E/89,EquityVolatility/RIC:.STOXX50E/89/2Y/ATM,0.20376581,0.00020377
EquityVolatility/RIC:.STOXX50E/90,EquityVolatility/RIC:.STOXX50E/90/3Y/ATM,0.21345128,0.00021345
EquityVolatility/RIC:.STOXX50E/91,EquityVolatility/RIC:.STOXX50E/91/5Y/ATM,0.22845548,0.00022846
EquityVolatility/RIC:.STOXX50E/92,EquityVolatility/RIC:.STOXX50E/92/10Y/ATM,0.26142013,0.00026142
EquityVolatility/RIC:.STOXX50E/93,EquityVolatility/RIC:.STOXX50E/93/15Y/ATM,0.27790495,0.00027790
EquityVolatility/RIC:.STOXX50E/94,EquityVolatility/RIC:.STOXX50E/94/20Y/ATM,0.28578142,0.00028578
EquityVolatility/RIC:.STOXX50E/95,EquityVolatility/RIC:.STOXX50E/95/30Y/ATM,0.29345969,0.00029346
EquityVolatility/RIC:.STOXX50E/96,EquityVolatility/RIC:.STOXX50E/96/2W/0.05,0.16299331,0.00016299
EquityVolatility/RIC:.STOXX50E/97,EquityVolatility/RIC:.STOXX50E/97/1M/0.05,0.15665987,0.00015666
EquityVolatility/RIC:.STOXX50E/98,EquityVolatility/RIC:.STOXX50E/98/3M/0.05,0.15218914,0.00015219
EquityVolatility/RIC:.STOXX50E/99,EquityVolatility/RIC:.STOXX50E/99/6M/0.05,0.14616090,0.00014616
EquityVolatility/RIC:.STOXX50E/100,EquityVolatility/RIC:.STOXX50E/100/1Y/0.05,0.15148915,0.00015149
EquityVolatility/RIC:.STOXX50E/101,EquityVolatility/RIC:.STOXX50E/101/2Y/0.05,0.20376581,0.00020377
EquityVolatility/RIC:.STOXX50E/102,EquityVolatility/RIC:.STOXX50E/102/3Y/0.05,0.21345128,0.00021345
EquityVolatility/RIC:.STOXX50E/103,EquityVolatility/RIC:.STOXX50E/103/5Y/0.05,0.22845548,0.00022846
EquityVolatility/RIC:.STOXX50E/104,EquityVolatility/RIC:.STOXX50E/104/10Y/0.05,0.26142013,0.00026142
EquityVolatility/RIC:.STOXX50E/105,EquityVolatility/RIC:.STOXX50E/105/15Y/0.05,0.27790495,0.00027790
EquityVolatility/RIC:.STOXX50E/106,EquityVolatility/RIC:.STOXX50E/106/20Y/0.05,0.28578142,0.00028578
EquityVolatility/RIC:.STOXX50E/107,EquityVolatility/RIC:.STOXX50E/107/30Y/0.05,0.29345969,0.00029346
EquityVolatility/RIC:.STOXX50E/108,EquityVolatility/RIC:.STOXX50E/108/2W/0.1,0.16222895,0.00016223
EquityVolatility/RIC:.STOXX50E/109,EquityVolatility/RIC:.STOXX50E/109/1M/0.1,0.15652517,0.00015653
EquityVolatility/RIC:.STOXX50E/110,EquityVolatility/RIC:.STOXX50E/110/3M/0.1,0.14962845,0.00014963
EquityVolatility/RIC:.STOXX50E/111,EquityVolatility/RIC:.STOXX50E/111/6M/0.1,0.14255599,0.00014256
EquityVolatility/RIC:.STOXX50E/112,EquityVolatility/RIC:.STOXX50E/112/1Y/0.1,0.13162012,0.00013162
EquityVolatility/RIC:.STOXX50E/113,EquityVolatility/RIC:.STOXX50E/113/2Y/0.1,0.20376581,0.00020377
EquityVolatility/RIC:.STOXX50E/114,EquityVolatility/RIC:.STOXX50E/114/3Y/0.1,0.21345128,0.00021345
EquityVolatility/RIC:.STOXX50E/115,EquityVolatility/RIC:.STOXX50E/115/5Y/0.1,0.22845548,0.00022846
EquityVolatility/RIC:.STOXX50E/116,EquityVolatility/RIC:.STOXX50E/116/10Y/0.1,0.26142013,0.00026142
EquityVolatility/RIC:.STOXX50E/117,EquityVolatility/RIC:.STOXX50E/117/15Y/0.1,0.27790495,0.00027790
EquityVolatility/RIC:.STOXX50E/118,EquityVolatility/RIC:.STOXX50E/118/20Y/0.1,0.28578142,0.00028578
EquityVolatility/RIC:.STOXX50E/119,EquityVolatility/RIC:.STOXX50E/119/30Y/0.1,0.29345969,0.00029346
EquityVolatility/RIC:.STOXX50E/120,EquityVolatility/RIC:.STOXX50E/120/2W/0.25,0.15978394,0.00015978
EquityVolatility/RIC:.STOXX50E/121,EquityVolatility/RIC:.STOXX50E/121/1M/0.25,0.15278770,0.00015279
EquityVolatility/RIC:.STOXX50E/122,EquityVolatility/RIC:.STOXX50E/122/3M/0.25,0.14411125,0.00014411
EquityVolatility/RIC:.STOXX50E/123,EquityVolatility/RIC:.STOXX50E/123/6M/0.25,0.13728403,0.00013728
EquityVolatility/RIC:.STOXX50E/124,EquityVolatility/RIC:.STOXX50E/124/1Y/0.25,0.12052650,0.00012053
EquityVolatility/RIC:.STOXX50E/125,EquityVolatility/RIC:.STOXX50E/125/2Y/0.25,0.20376581,0.00020377
EquityVolatility/RIC:.STOXX50E/126,EquityVolatility/RIC:.STOXX50E/126/3Y/0.25,0.21345128,0.00021345
EquityVolatility/RIC:.STOXX50E/127,EquityVolatility/RIC:.STOXX50E/127/5Y/0.25,0.22845548,0.00022846
EquityVolatility/RIC:.STOXX50E/128,EquityVolatility/RIC:.STOXX50E/128/10Y/0.25,0.26142013,0.00026142
EquityVolatility/RIC:.STOXX50E/129,EquityVolatility/RIC:.STOXX50E/129/15Y/0.25,0.27790495,0.00027790
EquityVolatility/RIC:.STOXX50E/130,EquityVolatility/RIC:.STOXX50E/130/20Y/0.25,0.28578142,0.00028578
EquityVolatility/RIC:.STOXX50E/131,EquityVolatility/RIC:.STOXX50E/131/30Y/0.25,0.29345969,0.00029346
EquityVolatility/RIC:.STOXX50E/132,EquityVolatility/RIC:.STOXX50E/132/2W/0.5,0.15488770,0.00015489
EquityVolatility/RIC:.STOXX50E/133,EquityVolatility/RIC:.STOXX50E/133/1M/0.5,0.14626096,0.00014626
EquityVolatility/RIC:.STOXX50E/134,EquityVolatility/RIC:.STOXX50E/134/3M/0.5,0.13604504,0.00013605
EquityVolatility/RIC:.STOXX50E/135,EquityVolatility/RIC:.STOXX50E/135/6M/0.5,0.13405278,0.00013405
EquityVolatility/RIC:.STOXX50E/136,EquityVolatility/RIC:.STOXX50E/136/1Y/0.5,0.12052650,0.00012053
EquityVolatility/RIC:.STOXX50E/137,EquityVolatility/RIC:.STOXX50E/137/2Y/0.5,0.20376581,0.00020377
EquityVolatility/RIC:.STOXX50E/138,EquityVolatility/RIC:.STOXX50E/138/3Y/0.5,0.21345128,0.00021345
EquityVolatility/RIC:.STOXX50E/139,EquityVolatility/RIC:.STOXX50E/139/5Y/0.5,0.22845548,0.00022846
EquityVolatility/RIC:.STOXX50E/140,EquityVolatility/RIC:.STOXX50E/140/10Y/0.5,0.26142013,0.00026142
EquityVolatility/RIC:.STOXX50E/141,EquityVolatility/RIC:.STOXX50E/141/15Y/0.5,0.27790495,0.00027790
EquityVolatility/RIC:.STOXX50E/142,EquityVolatility/RIC:.STOXX50E/142/20Y/0.5,0.28578142,0.00028578
EquityVolatility/RIC:.STOXX50E/143,EquityVolatility/RIC:.STOXX50E/143/30Y/0.5,0.29345969,0.00029346
EquityVolatility/RIC:.STOXX50E/144,EquityVolatility/RIC:.STOXX50E/144/2W/1,0.14960150,0.00014960
EquityVolatility/RIC:.STOXX50E/145,EquityVolatility/RIC:.STOXX50E/145/1M/1,0.13946657,0.00013947
EquityVolatility/RIC:.STOXX50E/146,EquityVolatility/RIC:.STOXX50E/146/3M/1,0.13302861,0.00013303
EquityVolatility/RIC:.STOXX50E/147,EquityVolatility/RIC:.STOXX50E/147/6M/1,0.13405278,0.00013405
EquityVolatility/RIC:.STOXX50E/148,EquityVolatility/RIC:.STOXX50E/148/1Y/1,0.12052650,0.00012053
EquityVolatility/RIC:.STOXX50E/149,EquityVolatility/RIC:.STOXX50E/149/2Y/1,0.20376581,0.00020377
EquityVolatility/RIC:.STOXX50E/150,EquityVolatility/RIC:.STOXX50E/150/3Y/1,0.21345128,0.00021345
EquityVolatility/RIC:.STOXX50E/151,EquityVolatility/RIC:.STOXX50E/151/5Y/1,0.22845548,0.00022846
EquityVolatility/RIC:.STOXX50E/152,EquityVolatility/RIC:.STOXX50E/152/10Y/1,0.26142013,0.00026142
EquityVolatility/RIC:.STOXX50E/153,EquityVolatility/RIC:.STOXX50E/153/15Y/1,0.27790495,0.00027790
EquityVolatility/RIC:.STOXX50E/154,EquityVolatility/RIC:.STOXX50E/154/20Y/1,0.28578142,0.00028578
EquityVolatility/RIC:.STOXX50E/155,EquityVolatility/RIC:.STOXX50E/155/30Y/1,0.29345969,0.00029346
EquityVolatility/RIC:.STOXX50E/156,EquityVolatility/RIC:.STOXX50E/156/2W/2,0.15590628,0.00015591
EquityVolatility/RIC:.STOXX50E/157,EquityVolatility/RIC:.STOXX50E/157/1M/2,0.13876917,0.00013877
EquityVolatility/RIC:.STOXX50E/158,EquityVolatility/RIC:.STOXX50E/158/3M/2,0.13302861,0.00013303
EquityVolatility/RIC:.STOXX50E/159,EquityVolatility/RIC:.STOXX50E/159/6M/2,0.13405278,0.00013405
EquityVolatility/RIC:.STOXX50E/160,EquityVolatility/RIC:.STOXX50E/160/1Y/2,0.12052650,0.00012053
EquityVolatility/RIC:.STOXX50E/161,EquityVolatility/RIC:.STOXX50E/161/2Y/2,0.20376581,0.00020377
EquityVolatility/RIC:.STOXX50E/162,EquityVolatility/RIC:.STOXX50E/162/3Y/2,0.21345128,0.00021345
EquityVolatility/RIC:.STOXX50E/163,EquityVolatility/RIC:.STOXX50E/163/5Y/2,0.22845548,0.00022846
EquityVolatility/RIC:.STOXX50E/164,EquityVolatility/RIC:.STOXX50E/164/10Y/2,0.26142013,0.00026142
EquityVolatility/RIC:.STOXX50E/165,EquityVolatility/RIC:.STOXX50E/165/15Y/2,0.27790495,0.00027790
EquityVolatility/RIC:.STOXX50E/166,EquityVolatility/RIC:.STOXX50E/166/20Y/2,0.28578142,0.00028578
EquityVolatility/RIC:.STOXX50E/167,EquityVolatility/RIC:.STOXX50E/167/30Y/2,0.29345969,0.00029346
EquityVolatility/RIC:.STOXX50E/168,EquityVolatility/RIC:.STOXX50E/168/2W/3,0.15590628,0.00015591
EquityVolatility/RIC:.STOXX50E/169,EquityVolatility/RIC:.STOXX50E/169/1M/3,0.13876917,0.00013877
EquityVolatility/RIC:.STOXX50E/170,EquityVolatility/RIC:.STOXX50E/170/3M/3,0.13302861,0.00013303
EquityVolatility/RIC:.STOXX50E/171,EquityVolatility/RIC:.STOXX50E/171/6M/3,0.13405278,0.00013405
EquityVolatility/RIC:.STOXX50E/172,EquityVolatility/RIC:.STOXX50E/172/1Y/3,0.12052650,0.00012053
EquityVolatility/RIC:.STOXX50E/173,EquityVolatility/RIC:.STOXX50E/173/2Y/3,0.20376581,0.00020377
EquityVolatility/RIC:.STOXX50E/174,EquityVolatility/RIC:.STOXX50E/174/3Y/3,0.21345128,0.00021345
EquityVolatility/RIC:.STOXX50E/175,EquityVolatility/RIC:.STOXX50E/175/5Y/3,0.22845548,0.00022846
EquityVolatility/RIC:.STOXX50E/176,EquityVolatility/RIC:.STOXX50E/176/10Y/3,0.26142013,0.00026142
EquityVolatility/RIC:.STOXX50E/177,EquityVolatility/RIC:.STOXX50E/177/15Y/3,0.27790495,0.00027790
EquityVolatility/RIC:.STOXX50E/178,EquityVolatility/RIC:.STOXX50E/178/20Y/3,0.28578142,0.00028578
EquityVolatility/RIC:.STOXX50E/179,EquityVolatility/RIC:.STOXX50E/179/30Y/3,0.29345969,0.00029346
